"Species","Habitat","Historical land use","IndVal.g","p.value"
"Achillea setacea","Dry grasslands","Arable land",0.1723,0.003
"Aesculus hippocastanum","Dry grasslands","Arable land",0.0248,0.97
"Allium sphaerocephalon","Dry grasslands","Arable land",0.1019,0.064
"Allium vineale","Dry grasslands","Arable land",0.0587,0.362
"Anthemis ruthenica","Dry grasslands","Arable land",0.0522,0.46
"Armeria maritima","Dry grasslands","Arable land",0.1389,0.041
"Arnoseris minima","Dry grasslands","Arable land",0.0379,0.478
"Artemisia austriaca","Dry grasslands","Arable land",0.0283,0.894
"Artemisia santonicum","Dry grasslands","Arable land",0.0379,0.456
"Asperula cynanchica","Dry grasslands","Arable land",0.3495,0.001
"Astragalus austriacus","Dry grasslands","Arable land",0.1702,0.007
"Astragalus exscapus","Dry grasslands","Arable land",0.1212,0.021
"Bassia laniflora","Dry grasslands","Arable land",0.0365,0.589
"Brachypodium pinnatum","Dry grasslands","Arable land",0.3037,0.001
"Brachypodium rupestre","Dry grasslands","Arable land",0.0379,0.485
"Campanula rotundifolia","Dry grasslands","Arable land",0.2075,0.001
"Carlina acaulis","Dry grasslands","Arable land",0.2691,0.001
"Caucalis platycarpos","Dry grasslands","Arable land",0.0499,0.531
"Centaurea thuillieri","Dry grasslands","Arable land",0.061,0.399
"Cerastium tomentosum","Dry grasslands","Arable land",0.0379,0.474
"Cerinthe minor","Dry grasslands","Arable land",0.0648,0.323
"Cirsium acaulon","Dry grasslands","Arable land",0.0304,0.833
"Crambe tataria","Dry grasslands","Arable land",0.1455,0.009
"Crataegus rhipidophylla","Dry grasslands","Arable land",0.0379,0.472
"Crepis pannonica","Dry grasslands","Arable land",0.0462,0.388
"Cyanus segetum","Dry grasslands","Arable land",0.0279,0.865
"Cytisus albus","Dry grasslands","Arable land",0.0659,0.217
"Cytisus austriacus","Dry grasslands","Arable land",0.166,0.007
"Cytisus procumbens","Dry grasslands","Arable land",0.1413,0.01
"Cytisus ratisbonensis","Dry grasslands","Arable land",0.2021,0.001
"Dactylorhiza viridis","Dry grasslands","Arable land",0.0379,0.493
"Draba verna aggr.","Dry grasslands","Arable land",0.1534,0.038
"Epipactis atrorubens","Dry grasslands","Arable land",0.0676,0.264
"Erigeron acris","Dry grasslands","Arable land",0.1061,0.057
"Erysimum repandum","Dry grasslands","Arable land",0.0563,0.451
"Euphrasia pectinata","Dry grasslands","Arable land",0.1028,0.031
"Festuca filiformis","Dry grasslands","Arable land",0.0686,0.373
"Festuca stricta subsp. trachyphylla","Dry grasslands","Arable land",0.0783,0.202
"Fragaria viridis","Dry grasslands","Arable land",0.203,0.004
"Galium verum","Dry grasslands","Arable land",0.2827,0.001
"Galium x pomeranicum","Dry grasslands","Arable land",0.042,0.696
"Gentiana cruciata","Dry grasslands","Arable land",0.068,0.256
"Gentiana pannonica","Dry grasslands","Arable land",0.0384,0.844
"Gentianella aspera","Dry grasslands","Arable land",0.0379,0.472
"Gentianella ciliata","Dry grasslands","Arable land",0.0747,0.126
"Helianthemum canum","Dry grasslands","Arable land",0.1163,0.019
"Helictotrichon desertorum","Dry grasslands","Arable land",0.0716,0.258
"Herniaria glabra","Dry grasslands","Arable land",0.0486,0.703
"Hieracium laevigatum","Dry grasslands","Arable land",0.0325,0.861
"Hieracium sabaudum","Dry grasslands","Arable land",0.0842,0.211
"Hirschfeldia incana","Dry grasslands","Arable land",0.0379,0.474
"Hylotelephium telephium","Dry grasslands","Arable land",0.0562,0.434
"Hypericum perforatum","Dry grasslands","Arable land",0.2445,0.001
"Inula conyzae","Dry grasslands","Arable land",0.0803,0.206
"Iris humilis","Dry grasslands","Arable land",0.0838,0.126
"Jacobaea vulgaris","Dry grasslands","Arable land",0.1535,0.007
"Juniperus communis subsp. communis","Dry grasslands","Arable land",0.064,0.378
"Knautia kitaibelii","Dry grasslands","Arable land",0.2307,0.001
"Koeleria glauca","Dry grasslands","Arable land",0.1119,0.012
"Koeleria pyramidata","Dry grasslands","Arable land",0.1959,0.004
"Krascheninnikovia ceratoides","Dry grasslands","Arable land",0.0536,0.206
"Lathyrus hirsutus","Dry grasslands","Arable land",0.0364,0.534
"Lathyrus pannonicus","Dry grasslands","Arable land",0.0854,0.108
"Leopoldia comosa","Dry grasslands","Arable land",0.1256,0.021
"Linum catharticum","Dry grasslands","Arable land",0.2258,0.001
"Marrubium vulgare","Dry grasslands","Arable land",0.0306,0.79
"Medicago prostrata","Dry grasslands","Arable land",0.0718,0.229
"Melilotus albus","Dry grasslands","Arable land",0.0437,0.678
"Minuartia rubra","Dry grasslands","Arable land",0.1074,0.058
"Nigella arvensis","Dry grasslands","Arable land",0.0798,0.134
"Nonea pulla","Dry grasslands","Arable land",0.156,0.002
"Onobrychis arenaria","Dry grasslands","Arable land",0.1608,0.019
"Orchis militaris","Dry grasslands","Arable land",0.1126,0.04
"Ornithogalum pyramidale","Dry grasslands","Arable land",0.0434,0.412
"Orobanche alsatica","Dry grasslands","Arable land",0.054,0.386
"Orobanche artemisiae-campestris","Dry grasslands","Arable land",0.0379,0.486
"Phleum phleoides","Dry grasslands","Arable land",0.2348,0.001
"Pilosella bauhini","Dry grasslands","Arable land",0.1534,0.008
"Pilosella officinarum","Dry grasslands","Arable land",0.2179,0.007
"Pimpinella saxifraga","Dry grasslands","Arable land",0.2849,0.001
"Plantago media","Dry grasslands","Arable land",0.2338,0.002
"Polygala comosa","Dry grasslands","Arable land",0.1361,0.032
"Polygonatum multiflorum","Dry grasslands","Arable land",0.0536,0.193
"Potentilla heptaphylla","Dry grasslands","Arable land",0.1771,0.005
"Potentilla pusilla","Dry grasslands","Arable land",0.1076,0.042
"Potentilla tabernaemontani","Dry grasslands","Arable land",0.1902,0.004
"Prunella grandiflora","Dry grasslands","Arable land",0.1517,0.02
"Prunus cerasus","Dry grasslands","Arable land",0.0476,0.508
"Pulsatilla vulgaris","Dry grasslands","Arable land",0.1396,0.03
"Rosa gallica","Dry grasslands","Arable land",0.0878,0.102
"Salvia officinalis","Dry grasslands","Arable land",0.0536,0.216
"Scabiosa canescens","Dry grasslands","Arable land",0.1933,0.001
"Scabiosa ochroleuca","Dry grasslands","Arable land",0.2768,0.001
"Scorzonera cana","Dry grasslands","Arable land",0.0603,0.308
"Scorzonera laciniata","Dry grasslands","Arable land",0.0673,0.247
"Sempervivum tectorum","Dry grasslands","Arable land",0.1651,0.003
"Setaria viridis","Dry grasslands","Arable land",0.0717,0.261
"Silene noctiflora","Dry grasslands","Arable land",0.0373,0.641
"Sisymbrium altissimum","Dry grasslands","Arable land",0.0665,0.237
"Stipa pulcherrima","Dry grasslands","Arable land",0.1684,0.001
"Taraxacum serotinum","Dry grasslands","Arable land",0.1001,0.065
"Tephroseris integrifolia","Dry grasslands","Arable land",0.0843,0.127
"Thesium dollineri","Dry grasslands","Arable land",0.0692,0.226
"Thymus odoratissimus aggr.","Dry grasslands","Arable land",0.2788,0.001
"Thymus pulegioides","Dry grasslands","Arable land",0.1882,0.007
"Verbascum phoeniceum","Dry grasslands","Arable land",0.1321,0.026
"Veronica prostrata","Dry grasslands","Arable land",0.1921,0.001
"Vicia dumetorum","Dry grasslands","Arable land",0.0379,0.48
"Vicia lutea","Dry grasslands","Arable land",0.0379,0.462
"Viola collina","Dry grasslands","Arable land",0.0607,0.386
"Viola rupestris","Dry grasslands","Arable land",0.121,0.038
"Vulpia myuros","Dry grasslands","Arable land",0.0473,0.502
"Agrostis capillaris","Mesic grasslands","Arable land",0.3424,0.001
"Alchemilla monticola","Mesic grasslands","Arable land",0.2431,0.001
"Alchemilla vulgaris aggr.","Mesic grasslands","Arable land",0.2084,0.001
"Anagallis arvensis","Mesic grasslands","Arable land",0.1784,0.001
"Anagallis foemina","Mesic grasslands","Arable land",0.1116,0.036
"Aquilegia atrata","Mesic grasslands","Arable land",0.0469,0.274
"Asclepias syriaca","Mesic grasslands","Arable land",0.0356,0.648
"Astrantia major","Mesic grasslands","Arable land",0.0505,0.619
"Barbarea vulgaris","Mesic grasslands","Arable land",0.08,0.119
"Betula pendula","Mesic grasslands","Arable land",0.1021,0.09
"Botrychium matricariifolium","Mesic grasslands","Arable land",0.1186,0.011
"Campanula scheuchzeri","Mesic grasslands","Arable land",0.0469,0.296
"Carduus defloratus aggr.","Mesic grasslands","Arable land",0.0417,0.446
"Centaurium erythraea","Mesic grasslands","Arable land",0.0639,0.409
"Cirsium vulgare","Mesic grasslands","Arable land",0.1456,0.005
"Crepis tectorum","Mesic grasslands","Arable land",0.036,0.666
"Cynosurus cristatus","Mesic grasslands","Arable land",0.2096,0.001
"Danthonia decumbens","Mesic grasslands","Arable land",0.093,0.22
"Daucus carota","Mesic grasslands","Arable land",0.3348,0.001
"Dianthus armeria","Mesic grasslands","Arable land",0.0346,0.724
"Dianthus deltoides","Mesic grasslands","Arable land",0.1926,0.002
"Dianthus superbus","Mesic grasslands","Arable land",0.0656,0.332
"Echinops sphaerocephalus","Mesic grasslands","Arable land",0.0512,0.57
"Elytrigia repens aggr.","Mesic grasslands","Arable land",0.1788,0.041
"Equisetum ramosissimum","Mesic grasslands","Arable land",0.0432,0.615
"Eragrostis minor","Mesic grasslands","Arable land",0.0369,0.584
"Euphrasia rostkoviana","Mesic grasslands","Arable land",0.1293,0.016
"Fallopia convolvulus","Mesic grasslands","Arable land",0.1141,0.042
"Fumaria officinalis","Mesic grasslands","Arable land",0.0909,0.065
"Gentianella austriaca","Mesic grasslands","Arable land",0.07,0.293
"Geranium phaeum","Mesic grasslands","Arable land",0.0664,0.132
"Glechoma hirsuta","Mesic grasslands","Arable land",0.0253,0.932
"Gnaphalium sylvaticum","Mesic grasslands","Arable land",0.0932,0.067
"Larix decidua","Mesic grasslands","Arable land",0.0466,0.477
"Leontodon hispidus","Mesic grasslands","Arable land",0.3293,0.001
"Lepidium draba","Mesic grasslands","Arable land",0.0593,0.332
"Linaria vulgaris","Mesic grasslands","Arable land",0.1089,0.104
"Lotus corniculatus","Mesic grasslands","Arable land",0.3496,0.001
"Luzula forsteri","Mesic grasslands","Arable land",0.0469,0.295
"Luzula luzuloides","Mesic grasslands","Arable land",0.0692,0.289
"Ornithogalum sphaerocarpum","Mesic grasslands","Arable land",0.0469,0.299
"Orthilia secunda","Mesic grasslands","Arable land",0.0469,0.291
"Oxybasis chenopodioides","Mesic grasslands","Arable land",0.039,0.486
"Parthenocissus quinquefolia aggr.","Mesic grasslands","Arable land",0.0469,0.301
"Peucedanum austriacum","Mesic grasslands","Arable land",0.0469,0.3
"Phleum pratense","Mesic grasslands","Arable land",0.2019,0.003
"Phyteuma nigrum","Mesic grasslands","Arable land",0.1283,0.019
"Picris hieracioides","Mesic grasslands","Arable land",0.213,0.003
"Plantago lanceolata","Mesic grasslands","Arable land",0.4213,0.001
"Potentilla sterilis","Mesic grasslands","Arable land",0.0813,0.15
"Raphanus raphanistrum","Mesic grasslands","Arable land",0.0664,0.143
"Rhinanthus alectorolophus","Mesic grasslands","Arable land",0.0893,0.08
"Rosa canina aggr.","Mesic grasslands","Arable land",0.1585,0.014
"Saxifraga granulata","Mesic grasslands","Arable land",0.1567,0.002
"Thesium pyrenaicum","Mesic grasslands","Arable land",0.0664,0.167
"Trifolium aureum","Mesic grasslands","Arable land",0.1353,0.01
"Trifolium medium","Mesic grasslands","Arable land",0.2496,0.001
"Turritis glabra","Mesic grasslands","Arable land",0.046,0.752
"Valerianella dentata","Mesic grasslands","Arable land",0.0469,0.318
"Viola canina","Mesic grasslands","Arable land",0.1372,0.012
"Viola suavis","Mesic grasslands","Arable land",0.0342,0.682
"Acorus calamus","Wet grasslands","Arable land",0.0394,0.578
"Allium carinatum","Wet grasslands","Arable land",0.1119,0.033
"Alnus glutinosa","Wet grasslands","Arable land",0.15,0.005
"Amaranthus retroflexus","Wet grasslands","Arable land",0.0654,0.284
"Amorpha fruticosa","Wet grasslands","Arable land",0.0567,0.129
"Angelica sylvestris","Wet grasslands","Arable land",0.2899,0.001
"Aphanes arvensis","Wet grasslands","Arable land",0.0442,0.397
"Arctium tomentosum","Wet grasslands","Arable land",0.1087,0.058
"Arum maculatum","Wet grasslands","Arable land",0.0567,0.156
"Atriplex oblongifolia","Wet grasslands","Arable land",0.0472,0.358
"Betula pubescens","Wet grasslands","Arable land",0.0736,0.155
"Bidens cernua","Wet grasslands","Arable land",0.0487,0.368
"Bidens radiata","Wet grasslands","Arable land",0.0778,0.167
"Bistorta officinalis","Wet grasslands","Arable land",0.2027,0.005
"Bunias orientalis","Wet grasslands","Arable land",0.0571,0.355
"Bupleurum tenuissimum","Wet grasslands","Arable land",0.0567,0.138
"Calamagrostis pseudophragmites","Wet grasslands","Arable land",0.0621,0.239
"Calla palustris","Wet grasslands","Arable land",0.0391,0.505
"Caltha palustris","Wet grasslands","Arable land",0.3148,0.001
"Cardamine pratensis","Wet grasslands","Arable land",0.2439,0.001
"Carex acuta","Wet grasslands","Arable land",0.2009,0.001
"Carex acutiformis","Wet grasslands","Arable land",0.1301,0.038
"Carex brizoides","Wet grasslands","Arable land",0.1488,0.029
"Carex davalliana","Wet grasslands","Arable land",0.1248,0.028
"Carex hostiana","Wet grasslands","Arable land",0.1016,0.062
"Carex lepidocarpa","Wet grasslands","Arable land",0.062,0.355
"Carex pallidula","Wet grasslands","Arable land",0.0376,0.628
"Chenopodiastrum murale","Wet grasslands","Arable land",0.0567,0.149
"Chenopodium ficifolium","Wet grasslands","Arable land",0.0588,0.33
"Cicuta virosa","Wet grasslands","Arable land",0.0567,0.133
"Cirsium oleraceum","Wet grasslands","Arable land",0.1559,0.016
"Crepis setosa","Wet grasslands","Arable land",0.0511,0.268
"Crypsis aculeata","Wet grasslands","Arable land",0.0567,0.143
"Crypsis alopecuroides","Wet grasslands","Arable land",0.0567,0.143
"Cuscuta europaea","Wet grasslands","Arable land",0.0633,0.255
"Dactylorhiza incarnata","Wet grasslands","Arable land",0.03,0.827
"Dactylorhiza traunsteineri","Wet grasslands","Arable land",0.0567,0.147
"Dipsacus laciniatus","Wet grasslands","Arable land",0.0685,0.195
"Dryopteris cristata","Wet grasslands","Arable land",0.0578,0.28
"Eleocharis ovata","Wet grasslands","Arable land",0.0539,0.178
"Equisetum palustre","Wet grasslands","Arable land",0.2385,0.002
"Festuca trichophylla","Wet grasslands","Arable land",0.0567,0.13
"Frangula alnus","Wet grasslands","Arable land",0.1115,0.044
"Galium boreale","Wet grasslands","Arable land",0.1513,0.031
"Gentiana pneumonanthe","Wet grasslands","Arable land",0.1516,0.001
"Geranium palustre","Wet grasslands","Arable land",0.1051,0.069
"Glaux maritima","Wet grasslands","Arable land",0.0789,0.134
"Glyceria declinata","Wet grasslands","Arable land",0.0894,0.074
"Hottonia palustris","Wet grasslands","Arable land",0.0567,0.133
"Hyoscyamus niger","Wet grasslands","Arable land",0.053,0.214
"Inula helenium","Wet grasslands","Arable land",0.0567,0.136
"Juncus capitatus","Wet grasslands","Arable land",0.0406,0.518
"Juncus conglomeratus","Wet grasslands","Arable land",0.2002,0.002
"Juncus filiformis","Wet grasslands","Arable land",0.1965,0.002
"Juncus subnodulosus","Wet grasslands","Arable land",0.0432,0.441
"Lemna minor","Wet grasslands","Arable land",0.0881,0.069
"Leonurus cardiaca","Wet grasslands","Arable land",0.0567,0.163
"Limonium gmelinii","Wet grasslands","Arable land",0.0567,0.129
"Liparis loeselii","Wet grasslands","Arable land",0.0483,0.326
"Matricaria chamomilla","Wet grasslands","Arable land",0.0508,0.267
"Melilotus altissimus","Wet grasslands","Arable land",0.0567,0.149
"Mentha x verticillata aggr.","Wet grasslands","Arable land",0.1582,0.006
"Menyanthes trifoliata","Wet grasslands","Arable land",0.1165,0.022
"Nasturtium officinale","Wet grasslands","Arable land",0.0567,0.152
"Oenanthe silaifolia","Wet grasslands","Arable land",0.0567,0.141
"Oxybasis glauca","Wet grasslands","Arable land",0.0715,0.137
"Pedicularis palustris","Wet grasslands","Arable land",0.0816,0.089
"Plantago maritima","Wet grasslands","Arable land",0.0422,0.581
"Poa trivialis","Wet grasslands","Arable land",0.2174,0.006
"Portulaca oleracea","Wet grasslands","Arable land",0.0361,0.537
"Pulmonaria officinalis","Wet grasslands","Arable land",0.0592,0.328
"Ranunculus aconitifolius","Wet grasslands","Arable land",0.053,0.372
"Ranunculus auricomus aggr.","Wet grasslands","Arable land",0.2686,0.001
"Ranunculus lingua","Wet grasslands","Arable land",0.041,0.468
"Rorippa austriaca","Wet grasslands","Arable land",0.0518,0.506
"Rumex hydrolapathum","Wet grasslands","Arable land",0.0922,0.051
"Rumex palustris","Wet grasslands","Arable land",0.0567,0.13
"Sambucus racemosa","Wet grasslands","Arable land",0.0463,0.318
"Schedonorus arundinaceus","Wet grasslands","Arable land",0.11,0.084
"Schoenoplectus lacustris subsp. glaucus","Wet grasslands","Arable land",0.0613,0.248
"Scirpus sylvaticus","Wet grasslands","Arable land",0.2956,0.001
"Scorzonera parviflora","Wet grasslands","Arable land",0.0567,0.143
"Spergularia media","Wet grasslands","Arable land",0.0567,0.138
"Spirodela polyrhiza","Wet grasslands","Arable land",0.0567,0.134
"Stellaria longifolia","Wet grasslands","Arable land",0.044,0.416
"Tephroseris crispa","Wet grasslands","Arable land",0.1524,0.028
"Thalictrum lucidum","Wet grasslands","Arable land",0.0771,0.158
"Thelypteris palustris","Wet grasslands","Arable land",0.1193,0.017
"Trollius europaeus","Wet grasslands","Arable land",0.0922,0.112
"Typha angustifolia","Wet grasslands","Arable land",0.0605,0.257
"Veronica anagalloides","Wet grasslands","Arable land",0.0396,0.521
"Viburnum opulus","Wet grasslands","Arable land",0.0396,0.567
"Achillea nobilis","Dry grasslands","Forest",0.1548,0.005
"Aconitum anthora","Dry grasslands","Forest",0.1175,0.016
"Adonis vernalis","Dry grasslands","Forest",0.1274,0.055
"Aegonychon purpurocaeruleum","Dry grasslands","Forest",0.1656,0.001
"Aira praecox","Dry grasslands","Forest",0.0549,0.265
"Allium oleraceum","Dry grasslands","Forest",0.1061,0.049
"Anchusa officinalis","Dry grasslands","Forest",0.0499,0.448
"Anthriscus cerefolium","Dry grasslands","Forest",0.0733,0.142
"Arabidopsis petraea","Dry grasslands","Forest",0.1025,0.032
"Arabis auriculata","Dry grasslands","Forest",0.1481,0.006
"Arabis hirsuta aggr.","Dry grasslands","Forest",0.1567,0.012
"Arenaria leptoclados","Dry grasslands","Forest",0.176,0.001
"Artemisia absinthium","Dry grasslands","Forest",0.1436,0.014
"Asarum europaeum","Dry grasslands","Forest",0.0464,0.732
"Asplenium septentrionale","Dry grasslands","Forest",0.1218,0.018
"Avenella flexuosa","Dry grasslands","Forest",0.0909,0.176
"Berberis vulgaris","Dry grasslands","Forest",0.0517,0.54
"Biscutella laevigata","Dry grasslands","Forest",0.0741,0.214
"Bromopsis pannonica","Dry grasslands","Forest",0.0431,0.395
"Bromus squarrosus","Dry grasslands","Forest",0.1208,0.017
"Calluna vulgaris","Dry grasslands","Forest",0.0777,0.297
"Campanula persicifolia","Dry grasslands","Forest",0.1067,0.082
"Carduus nutans","Dry grasslands","Forest",0.0871,0.132
"Carex caryophyllea","Dry grasslands","Forest",0.1987,0.01
"Carex digitata","Dry grasslands","Forest",0.0929,0.094
"Carex ericetorum","Dry grasslands","Forest",0.0945,0.05
"Carex fritschii","Dry grasslands","Forest",0.0519,0.262
"Carex michelii","Dry grasslands","Forest",0.2094,0.001
"Carex stenophylla","Dry grasslands","Forest",0.0453,0.594
"Carpinus betulus","Dry grasslands","Forest",0.1407,0.008
"Cephalanthera damasonium","Dry grasslands","Forest",0.0495,0.335
"Cerastium semidecandrum","Dry grasslands","Forest",0.1666,0.005
"Chrysopogon gryllus","Dry grasslands","Forest",0.1367,0.012
"Consolida regalis","Dry grasslands","Forest",0.1133,0.033
"Convallaria majalis","Dry grasslands","Forest",0.062,0.367
"Cornus mas","Dry grasslands","Forest",0.1176,0.028
"Corydalis cava","Dry grasslands","Forest",0.0431,0.399
"Corynephorus canescens","Dry grasslands","Forest",0.1237,0.026
"Cota tinctoria","Dry grasslands","Forest",0.1786,0.002
"Cotoneaster integerrimus","Dry grasslands","Forest",0.1208,0.018
"Crataegus laevigata","Dry grasslands","Forest",0.2212,0.001
"Crataegus macrocarpa","Dry grasslands","Forest",0.0721,0.244
"Cruciata pedemontana","Dry grasslands","Forest",0.1129,0.026
"Cyanus triumfettii aggr.","Dry grasslands","Forest",0.1436,0.006
"Cytisus scoparius","Dry grasslands","Forest",0.0486,0.562
"Dianthus serotinus","Dry grasslands","Forest",0.0472,0.569
"Digitalis grandiflora","Dry grasslands","Forest",0.1515,0.004
"Equisetum variegatum","Dry grasslands","Forest",0.0759,0.175
"Erysimum diffusum","Dry grasslands","Forest",0.1066,0.103
"Erysimum odoratum","Dry grasslands","Forest",0.1491,0.007
"Euonymus verrucosus","Dry grasslands","Forest",0.0931,0.065
"Euphorbia cyparissias","Dry grasslands","Forest",0.3578,0.001
"Euphorbia epithymoides","Dry grasslands","Forest",0.2297,0.001
"Festuca psammophila","Dry grasslands","Forest",0.0835,0.176
"Festuca stricta subsp. stricta","Dry grasslands","Forest",0.0862,0.114
"Filago minima","Dry grasslands","Forest",0.1057,0.063
"Fourraea alpina","Dry grasslands","Forest",0.0747,0.143
"Fragaria moschata","Dry grasslands","Forest",0.2559,0.001
"Fumaria schleicheri","Dry grasslands","Forest",0.0365,0.572
"Fumaria vaillantii","Dry grasslands","Forest",0.0534,0.321
"Gagea bohemica","Dry grasslands","Forest",0.1234,0.032
"Gagea villosa","Dry grasslands","Forest",0.0431,0.394
"Galeopsis angustifolia","Dry grasslands","Forest",0.0746,0.184
"Galeopsis ladanum","Dry grasslands","Forest",0.0572,0.279
"Galium saxatile","Dry grasslands","Forest",0.085,0.113
"Galium sylvaticum","Dry grasslands","Forest",0.0643,0.279
"Galium valdepilosum","Dry grasslands","Forest",0.0912,0.082
"Galium verrucosum","Dry grasslands","Forest",0.0431,0.391
"Genista tinctoria","Dry grasslands","Forest",0.1773,0.007
"Geranium columbinum","Dry grasslands","Forest",0.0946,0.073
"Hackelia deflexa","Dry grasslands","Forest",0.0431,0.403
"Helianthemum nummularium","Dry grasslands","Forest",0.2579,0.001
"Hepatica nobilis","Dry grasslands","Forest",0.0861,0.117
"Hieracium maculatum","Dry grasslands","Forest",0.0542,0.26
"Hieracium murorum","Dry grasslands","Forest",0.1024,0.033
"Hippocrepis comosa","Dry grasslands","Forest",0.0431,0.371
"Hylotelephium maximum","Dry grasslands","Forest",0.2047,0.001
"Hypericum montanum","Dry grasslands","Forest",0.0464,0.448
"Inula germanica","Dry grasslands","Forest",0.0405,0.659
"Inula oculus-christi","Dry grasslands","Forest",0.1604,0.008
"Iris aphylla","Dry grasslands","Forest",0.061,0.154
"Iris variegata","Dry grasslands","Forest",0.1557,0.016
"Jacobaea erucifolia","Dry grasslands","Forest",0.0506,0.435
"Lactuca perennis","Dry grasslands","Forest",0.0421,0.436
"Lactuca viminea","Dry grasslands","Forest",0.121,0.014
"Lamium amplexicaule","Dry grasslands","Forest",0.1057,0.067
"Lappula squarrosa","Dry grasslands","Forest",0.0704,0.226
"Lathyrus vernus","Dry grasslands","Forest",0.0431,0.366
"Lembotropis nigricans","Dry grasslands","Forest",0.1514,0.015
"Leontodon incanus aggr.","Dry grasslands","Forest",0.0429,0.517
"Leopoldia tenuiflora","Dry grasslands","Forest",0.0458,0.524
"Ligustrum vulgare","Dry grasslands","Forest",0.1441,0.007
"Linum perenne","Dry grasslands","Forest",0.0804,0.145
"Lithospermum officinale","Dry grasslands","Forest",0.0354,0.696
"Lotus borbasii","Dry grasslands","Forest",0.1452,0.012
"Lycopsis arvensis","Dry grasslands","Forest",0.0862,0.096
"Malva thuringiaca","Dry grasslands","Forest",0.0389,0.62
"Medicago minima","Dry grasslands","Forest",0.1232,0.054
"Melampyrum nemorosum aggr.","Dry grasslands","Forest",0.0722,0.4
"Melampyrum pratense","Dry grasslands","Forest",0.0566,0.46
"Melica nutans","Dry grasslands","Forest",0.0526,0.491
"Melica picta","Dry grasslands","Forest",0.061,0.182
"Melica transsilvanica","Dry grasslands","Forest",0.226,0.001
"Melittis melissophyllum","Dry grasslands","Forest",0.0931,0.059
"Minuartia viscosa","Dry grasslands","Forest",0.08,0.139
"Muscari neglectum","Dry grasslands","Forest",0.0941,0.085
"Neotinea ustulata","Dry grasslands","Forest",0.0733,0.208
"Oenothera biennis aggr.","Dry grasslands","Forest",0.0431,0.389
"Ononis pusilla","Dry grasslands","Forest",0.0431,0.395
"Origanum vulgare","Dry grasslands","Forest",0.2906,0.001
"Orlaya grandiflora","Dry grasslands","Forest",0.0952,0.07
"Orobanche minor","Dry grasslands","Forest",0.0317,0.769
"Orobanche reticulata","Dry grasslands","Forest",0.061,0.166
"Papaver albiflorum","Dry grasslands","Forest",0.061,0.196
"Petasites paradoxus","Dry grasslands","Forest",0.0431,0.371
"Petrorhagia saxifraga","Dry grasslands","Forest",0.2002,0.004
"Peucedanum arenarium","Dry grasslands","Forest",0.025,0.917
"Pilosella aurantiaca","Dry grasslands","Forest",0.0335,0.758
"Pilosella caespitosa","Dry grasslands","Forest",0.0443,0.645
"Pilosella cymosa","Dry grasslands","Forest",0.1282,0.015
"Pilosella hoppeana","Dry grasslands","Forest",0.0964,0.037
"Pinus sylvestris","Dry grasslands","Forest",0.1628,0.008
"Plantago arenaria","Dry grasslands","Forest",0.0662,0.251
"Polygala amarella","Dry grasslands","Forest",0.1186,0.024
"Polygonatum odoratum","Dry grasslands","Forest",0.1838,0.001
"Potentilla inclinata","Dry grasslands","Forest",0.0356,0.71
"Pseudoturritis turrita","Dry grasslands","Forest",0.0479,0.495
"Quercus cerris","Dry grasslands","Forest",0.055,0.44
"Quercus petraea","Dry grasslands","Forest",0.1243,0.026
"Quercus pubescens","Dry grasslands","Forest",0.0902,0.083
"Quercus robur","Dry grasslands","Forest",0.1061,0.1
"Quercus rubra","Dry grasslands","Forest",0.0431,0.367
"Ranunculus illyricus","Dry grasslands","Forest",0.0598,0.456
"Reseda luteola","Dry grasslands","Forest",0.1032,0.057
"Rhamnus saxatilis","Dry grasslands","Forest",0.1252,0.003
"Saxifraga rosacea","Dry grasslands","Forest",0.0431,0.392
"Saxifraga tridactylites","Dry grasslands","Forest",0.0758,0.266
"Scabiosa columbaria aggr.","Dry grasslands","Forest",0.1358,0.017
"Sedum sexangulare","Dry grasslands","Forest",0.186,0.012
"Selaginella helvetica","Dry grasslands","Forest",0.1765,0.001
"Senecio leucanthemifolius","Dry grasslands","Forest",0.0431,0.387
"Senecio sylvaticus","Dry grasslands","Forest",0.0303,0.825
"Silene conica","Dry grasslands","Forest",0.0428,0.429
"Sisymbrium strictissimum","Dry grasslands","Forest",0.0495,0.377
"Sorbus torminalis","Dry grasslands","Forest",0.0772,0.149
"Spergula morisonii","Dry grasslands","Forest",0.1548,0.01
"Spergularia rubra","Dry grasslands","Forest",0.0884,0.104
"Stachys recta","Dry grasslands","Forest",0.2595,0.001
"Stipa borysthenica aggr.","Dry grasslands","Forest",0.1129,0.038
"Teesdalia nudicaulis","Dry grasslands","Forest",0.1432,0.005
"Teucrium chamaedrys","Dry grasslands","Forest",0.4137,0.001
"Thesium alpinum","Dry grasslands","Forest",0.0431,0.371
"Thymelaea passerina","Dry grasslands","Forest",0.0562,0.259
"Tilia cordata","Dry grasslands","Forest",0.0767,0.194
"Tragopogon dubius","Dry grasslands","Forest",0.056,0.533
"Trifolium alpestre","Dry grasslands","Forest",0.1947,0.004
"Trifolium ochroleucon","Dry grasslands","Forest",0.0328,0.789
"Trifolium striatum","Dry grasslands","Forest",0.0363,0.729
"Vaccinium myrtillus","Dry grasslands","Forest",0.046,0.782
"Valerianella carinata","Dry grasslands","Forest",0.0431,0.391
"Valerianella locusta","Dry grasslands","Forest",0.1072,0.092
"Verbascum chaixii","Dry grasslands","Forest",0.2686,0.001
"Verbascum densiflorum","Dry grasslands","Forest",0.0647,0.302
"Veronica austriaca","Dry grasslands","Forest",0.1283,0.029
"Veronica dillenii","Dry grasslands","Forest",0.1773,0.006
"Veronica praecox","Dry grasslands","Forest",0.1295,0.026
"Vinca herbacea","Dry grasslands","Forest",0.0475,0.335
"Vincetoxicum hirundinaria","Dry grasslands","Forest",0.3223,0.001
"Viola kitaibeliana","Dry grasslands","Forest",0.0558,0.392
"Viola mirabilis","Dry grasslands","Forest",0.0544,0.416
"Viola tricolor aggr.","Dry grasslands","Forest",0.1322,0.01
"Xeranthemum annuum","Dry grasslands","Forest",0.059,0.236
"Ajuga chamaepitys","Mesic grasslands","Forest",0.0587,0.269
"Alchemilla micans","Mesic grasslands","Forest",0.0575,0.423
"Alopecurus pratensis","Mesic grasslands","Forest",0.273,0.001
"Anacamptis morio","Mesic grasslands","Forest",0.0389,0.836
"Anthoxanthum odoratum aggr.","Mesic grasslands","Forest",0.2899,0.002
"Arctium minus","Mesic grasslands","Forest",0.0492,0.317
"Cannabis sativa","Mesic grasslands","Forest",0.0598,0.171
"Cardamine matthioli","Mesic grasslands","Forest",0.1343,0.021
"Carex filiformis","Mesic grasslands","Forest",0.1081,0.112
"Carex muricata","Mesic grasslands","Forest",0.0765,0.259
"Carex praecox","Mesic grasslands","Forest",0.1825,0.003
"Carex spicata","Mesic grasslands","Forest",0.0956,0.076
"Cirsium canum","Mesic grasslands","Forest",0.2049,0.001
"Cyclamen purpurascens","Mesic grasslands","Forest",0.0953,0.037
"Cynoglossum officinale","Mesic grasslands","Forest",0.0461,0.643
"Dactylis glomerata","Mesic grasslands","Forest",0.4066,0.001
"Dactylorhiza sambucina","Mesic grasslands","Forest",0.1141,0.011
"Daphne cneorum","Mesic grasslands","Forest",0.0613,0.289
"Datura stramonium","Mesic grasslands","Forest",0.0622,0.162
"Dianthus seguieri","Mesic grasslands","Forest",0.064,0.182
"Equisetum pratense","Mesic grasslands","Forest",0.039,0.569
"Festuca heterophylla","Mesic grasslands","Forest",0.0632,0.236
"Ficaria calthifolia","Mesic grasslands","Forest",0.0769,0.153
"Ficaria verna","Mesic grasslands","Forest",0.0755,0.316
"Fraxinus excelsior","Mesic grasslands","Forest",0.0862,0.237
"Galanthus nivalis","Mesic grasslands","Forest",0.0674,0.101
"Galium rivale","Mesic grasslands","Forest",0.0868,0.112
"Galium rubioides","Mesic grasslands","Forest",0.0946,0.072
"Genista germanica","Mesic grasslands","Forest",0.0707,0.225
"Gentianella amarella","Mesic grasslands","Forest",0.0573,0.281
"Holcus mollis","Mesic grasslands","Forest",0.1386,0.038
"Homogyne alpina","Mesic grasslands","Forest",0.047,0.302
"Hyoscyamus albus","Mesic grasslands","Forest",0.0953,0.048
"Hypericum humifusum","Mesic grasslands","Forest",0.0644,0.161
"Juncus tenuis","Mesic grasslands","Forest",0.1324,0.011
"Knautia maxima","Mesic grasslands","Forest",0.0838,0.121
"Lathyrus pratensis","Mesic grasslands","Forest",0.283,0.001
"Leucanthemum vulgare aggr.","Mesic grasslands","Forest",0.2996,0.001
"Luzula pilosa","Mesic grasslands","Forest",0.0465,0.525
"Lysimachia punctata","Mesic grasslands","Forest",0.062,0.15
"Malus sylvestris","Mesic grasslands","Forest",0.055,0.286
"Melampyrum sylvaticum","Mesic grasslands","Forest",0.0674,0.096
"Myosotis ramosissima","Mesic grasslands","Forest",0.154,0.006
"Myosotis sparsiflora","Mesic grasslands","Forest",0.0766,0.14
"Neotinea tridentata","Mesic grasslands","Forest",0.0744,0.163
"Noccaea caerulescens","Mesic grasslands","Forest",0.1028,0.031
"Ochlopoa supina","Mesic grasslands","Forest",0.0953,0.05
"Ophioglossum vulgatum","Mesic grasslands","Forest",0.089,0.128
"Ornithogalum umbellatum","Mesic grasslands","Forest",0.1618,0.002
"Oxalis dillenii","Mesic grasslands","Forest",0.0953,0.046
"Panicum miliaceum","Mesic grasslands","Forest",0.0557,0.198
"Physalis alkekengi","Mesic grasslands","Forest",0.0502,0.289
"Pimpinella major","Mesic grasslands","Forest",0.2494,0.001
"Poa pratensis aggr.","Mesic grasslands","Forest",0.3728,0.001
"Polycnemum majus","Mesic grasslands","Forest",0.059,0.193
"Polygala vulgaris","Mesic grasslands","Forest",0.1402,0.012
"Populus tremula","Mesic grasslands","Forest",0.0767,0.181
"Primula acaulis","Mesic grasslands","Forest",0.0436,0.423
"Ranunculus acris aggr.","Mesic grasslands","Forest",0.331,0.001
"Sagina apetala","Mesic grasslands","Forest",0.0645,0.162
"Silaum silaus","Mesic grasslands","Forest",0.1064,0.074
"Trifolium dubium","Mesic grasslands","Forest",0.1722,0.008
"Veronica arvensis","Mesic grasslands","Forest",0.2018,0.002
"Vicia hirsuta","Mesic grasslands","Forest",0.1765,0.003
"Vicia lathyroides","Mesic grasslands","Forest",0.1117,0.048
"Vicia pannonica","Mesic grasslands","Forest",0.0512,0.292
"Vicia villosa","Mesic grasslands","Forest",0.0509,0.572
"Acer negundo","Wet grasslands","Forest",0.0927,0.055
"Acer pseudoplatanus","Wet grasslands","Forest",0.0656,0.379
"Aconitum napellus aggr.","Wet grasslands","Forest",0.0639,0.286
"Actaea spicata","Wet grasslands","Forest",0.0546,0.174
"Adoxa moschatellina","Wet grasslands","Forest",0.069,0.205
"Alchemilla cymatophylla","Wet grasslands","Forest",0.0546,0.174
"Alchemilla glabra","Wet grasslands","Forest",0.0626,0.35
"Alchemilla subcrenata","Wet grasslands","Forest",0.1021,0.055
"Alisma gramineum","Wet grasslands","Forest",0.0722,0.188
"Alisma lanceolatum","Wet grasslands","Forest",0.1325,0.007
"Allium angulosum","Wet grasslands","Forest",0.1619,0.002
"Alopecurus geniculatus","Wet grasslands","Forest",0.0586,0.442
"Anthriscus nitidus","Wet grasslands","Forest",0.1545,0.001
"Arum cylindraceum","Wet grasslands","Forest",0.0423,0.441
"Athyrium distentifolium","Wet grasslands","Forest",0.0546,0.194
"Athyrium filix-femina","Wet grasslands","Forest",0.2153,0.001
"Atropa bella-donna","Wet grasslands","Forest",0.0539,0.325
"Berula erecta","Wet grasslands","Forest",0.0894,0.066
"Brachypodium sylvaticum","Wet grasslands","Forest",0.1172,0.043
"Brassica nigra","Wet grasslands","Forest",0.0698,0.17
"Bromopsis ramosa aggr.","Wet grasslands","Forest",0.0395,0.54
"Butomus umbellatus","Wet grasslands","Forest",0.0589,0.37
"Calamagrostis arundinacea","Wet grasslands","Forest",0.1326,0.02
"Calamagrostis villosa","Wet grasslands","Forest",0.1475,0.005
"Calystegia sepium","Wet grasslands","Forest",0.1867,0.001
"Cardamine amara","Wet grasslands","Forest",0.1699,0.002
"Cardamine flexuosa","Wet grasslands","Forest",0.0417,0.46
"Cardamine impatiens aggr.","Wet grasslands","Forest",0.056,0.36
"Cardamine trifolia","Wet grasslands","Forest",0.0546,0.185
"Carduus personata","Wet grasslands","Forest",0.0602,0.203
"Carex buekii","Wet grasslands","Forest",0.1385,0.009
"Carex elongata","Wet grasslands","Forest",0.0964,0.05
"Carex melanostachya","Wet grasslands","Forest",0.1083,0.064
"Carex paniculata","Wet grasslands","Forest",0.0755,0.178
"Carex pendula","Wet grasslands","Forest",0.0773,0.103
"Carex pilosa","Wet grasslands","Forest",0.0431,0.432
"Carex remota","Wet grasslands","Forest",0.2571,0.001
"Carex sylvatica","Wet grasslands","Forest",0.1158,0.036
"Chaerophyllum bulbosum","Wet grasslands","Forest",0.0762,0.142
"Chaerophyllum hirsutum","Wet grasslands","Forest",0.2611,0.001
"Chaiturus marrubiastrum","Wet grasslands","Forest",0.089,0.114
"Chrysosplenium alternifolium","Wet grasslands","Forest",0.2395,0.001
"Circaea alpina","Wet grasslands","Forest",0.1175,0.032
"Circaea lutetiana","Wet grasslands","Forest",0.1579,0.003
"Circaea x intermedia","Wet grasslands","Forest",0.1093,0.021
"Cirsium arvense","Wet grasslands","Forest",0.1479,0.118
"Cirsium rivulare","Wet grasslands","Forest",0.1726,0.001
"Conium maculatum","Wet grasslands","Forest",0.0633,0.355
"Crepis paludosa","Wet grasslands","Forest",0.248,0.001
"Crypsis schoenoides","Wet grasslands","Forest",0.0773,0.126
"Cyperus fuscus","Wet grasslands","Forest",0.1431,0.006
"Cyperus michelianus","Wet grasslands","Forest",0.0546,0.189
"Dactylorhiza maculata aggr.","Wet grasslands","Forest",0.0742,0.23
"Daphne mezereum","Wet grasslands","Forest",0.0546,0.174
"Dipsacus pilosus","Wet grasslands","Forest",0.0546,0.197
"Drosera rotundifolia","Wet grasslands","Forest",0.0546,0.183
"Drymochloa sylvatica","Wet grasslands","Forest",0.0946,0.052
"Dryopteris carthusiana aggr.","Wet grasslands","Forest",0.21,0.002
"Dryopteris filix-mas","Wet grasslands","Forest",0.1674,0.004
"Echinochloa crus-galli","Wet grasslands","Forest",0.201,0.001
"Echinocystis lobata","Wet grasslands","Forest",0.0915,0.092
"Eleocharis acicularis","Wet grasslands","Forest",0.0912,0.05
"Eleocharis palustris","Wet grasslands","Forest",0.1094,0.048
"Elymus caninus","Wet grasslands","Forest",0.1118,0.05
"Equisetum sylvaticum","Wet grasslands","Forest",0.2338,0.001
"Equisetum telmateia","Wet grasslands","Forest",0.0672,0.183
"Eriophorum latifolium","Wet grasslands","Forest",0.1843,0.002
"Eupatorium cannabinum","Wet grasslands","Forest",0.1235,0.022
"Euphorbia amygdaloides","Wet grasslands","Forest",0.0523,0.249
"Fagus sylvatica","Wet grasslands","Forest",0.0479,0.568
"Fallopia dumetorum","Wet grasslands","Forest",0.0509,0.496
"Fraxinus angustifolia","Wet grasslands","Forest",0.0938,0.087
"Galeopsis speciosa","Wet grasslands","Forest",0.0786,0.17
"Galeopsis tetrahit aggr.","Wet grasslands","Forest",0.1213,0.04
"Galium aparine","Wet grasslands","Forest",0.1557,0.029
"Galium odoratum","Wet grasslands","Forest",0.1125,0.027
"Geranium robertianum","Wet grasslands","Forest",0.1573,0.012
"Gnaphalium uliginosum","Wet grasslands","Forest",0.1227,0.016
"Gratiola officinalis","Wet grasslands","Forest",0.1729,0.004
"Gymnocarpium dryopteris","Wet grasslands","Forest",0.0773,0.057
"Humulus lupulus","Wet grasslands","Forest",0.1176,0.02
"Impatiens glandulifera","Wet grasslands","Forest",0.1133,0.032
"Impatiens noli-tangere","Wet grasslands","Forest",0.2994,0.001
"Impatiens parviflora","Wet grasslands","Forest",0.1544,0.004
"Iris pseudacorus","Wet grasslands","Forest",0.1323,0.02
"Juglans nigra","Wet grasslands","Forest",0.0546,0.177
"Juncus bufonius aggr.","Wet grasslands","Forest",0.1052,0.063
"Lamium galeobdolon","Wet grasslands","Forest",0.1014,0.071
"Leucojum aestivum","Wet grasslands","Forest",0.1775,0.002
"Ligularia sibirica","Wet grasslands","Forest",0.0546,0.176
"Limosella aquatica","Wet grasslands","Forest",0.0689,0.233
"Lipandra polysperma","Wet grasslands","Forest",0.1191,0.023
"Lonicera nigra","Wet grasslands","Forest",0.0546,0.174
"Lunaria rediviva","Wet grasslands","Forest",0.0499,0.28
"Luzula sylvatica","Wet grasslands","Forest",0.1107,0.045
"Lycopodium annotinum","Wet grasslands","Forest",0.0546,0.208
"Lysimachia nemorum","Wet grasslands","Forest",0.0959,0.065
"Lysimachia nummularia","Wet grasslands","Forest",0.2041,0.006
"Lythrum hyssopifolia","Wet grasslands","Forest",0.1136,0.024
"Lythrum virgatum","Wet grasslands","Forest",0.1188,0.02
"Mentha pulegium","Wet grasslands","Forest",0.1827,0.002
"Mercurialis perennis","Wet grasslands","Forest",0.0973,0.047
"Milium effusum","Wet grasslands","Forest",0.1123,0.037
"Mimulus guttatus","Wet grasslands","Forest",0.0403,0.527
"Myosotis scorpioides aggr.","Wet grasslands","Forest",0.3184,0.001
"Myosoton aquaticum","Wet grasslands","Forest",0.2154,0.001
"Nepeta cataria","Wet grasslands","Forest",0.0546,0.198
"Oxalis acetosella","Wet grasslands","Forest",0.2164,0.001
"Panicum capillare","Wet grasslands","Forest",0.051,0.238
"Parietaria officinalis","Wet grasslands","Forest",0.0933,0.067
"Parnassia palustris","Wet grasslands","Forest",0.0824,0.155
"Persicaria dubia","Wet grasslands","Forest",0.1136,0.024
"Petasites albus","Wet grasslands","Forest",0.1967,0.002
"Petasites hybridus","Wet grasslands","Forest",0.1258,0.012
"Phegopteris connectilis","Wet grasslands","Forest",0.0946,0.044
"Picea abies","Wet grasslands","Forest",0.0821,0.134
"Poa nemoralis","Wet grasslands","Forest",0.1127,0.054
"Poa palustris","Wet grasslands","Forest",0.1997,0.004
"Poa remota","Wet grasslands","Forest",0.0773,0.128
"Polypodium vulgare","Wet grasslands","Forest",0.1146,0.037
"Populus x canadensis","Wet grasslands","Forest",0.0733,0.148
"Potamogeton natans","Wet grasslands","Forest",0.0546,0.184
"Prenanthes purpurea","Wet grasslands","Forest",0.1093,0.036
"Prunus padus","Wet grasslands","Forest",0.0912,0.069
"Pulmonaria obscura","Wet grasslands","Forest",0.0588,0.332
"Ranunculus lanuginosus","Wet grasslands","Forest",0.1051,0.036
"Ranunculus repens","Wet grasslands","Forest",0.2559,0.001
"Reynoutria x bohemica","Wet grasslands","Forest",0.0546,0.181
"Rorippa palustris","Wet grasslands","Forest",0.1565,0.004
"Rorippa sylvestris","Wet grasslands","Forest",0.1446,0.024
"Rorippa x anceps","Wet grasslands","Forest",0.0722,0.189
"Rubus caesius","Wet grasslands","Forest",0.1501,0.011
"Rubus fruticosus aggr.","Wet grasslands","Forest",0.0878,0.123
"Rubus idaeus","Wet grasslands","Forest",0.1642,0.005
"Rubus saxatilis","Wet grasslands","Forest",0.0546,0.185
"Rumex aquaticus","Wet grasslands","Forest",0.056,0.433
"Rumex sanguineus","Wet grasslands","Forest",0.1066,0.043
"Salix alba","Wet grasslands","Forest",0.107,0.044
"Salix aurita","Wet grasslands","Forest",0.0705,0.243
"Sambucus nigra","Wet grasslands","Forest",0.0598,0.278
"Schedonorus giganteus","Wet grasslands","Forest",0.1158,0.016
"Scrophularia nodosa","Wet grasslands","Forest",0.0846,0.127
"Scrophularia umbrosa","Wet grasslands","Forest",0.1609,0.002
"Selinum dubium","Wet grasslands","Forest",0.1629,0.002
"Senecio nemorensis aggr.","Wet grasslands","Forest",0.2183,0.001
"Senecio sarracenicus","Wet grasslands","Forest",0.0883,0.091
"Senecio viscosus","Wet grasslands","Forest",0.0527,0.452
"Silene baccifera","Wet grasslands","Forest",0.0431,0.441
"Silene dioica","Wet grasslands","Forest",0.104,0.039
"Sium latifolium","Wet grasslands","Forest",0.1017,0.042
"Solanum dulcamara","Wet grasslands","Forest",0.096,0.081
"Soldanella montana","Wet grasslands","Forest",0.0729,0.18
"Solidago gigantea","Wet grasslands","Forest",0.1255,0.039
"Sonchus asper","Wet grasslands","Forest",0.0549,0.423
"Sorbus aucuparia","Wet grasslands","Forest",0.1143,0.025
"Stellaria alsine","Wet grasslands","Forest",0.1372,0.016
"Stellaria nemorum","Wet grasslands","Forest",0.2005,0.001
"Symphyotrichum novi-belgii aggr.","Wet grasslands","Forest",0.2056,0.002
"Symphytum officinale","Wet grasslands","Forest",0.255,0.002
"Thalictrum aquilegiifolium","Wet grasslands","Forest",0.0834,0.128
"Thelypteris limbosperma","Wet grasslands","Forest",0.0546,0.214
"Torilis japonica","Wet grasslands","Forest",0.0614,0.36
"Ulmus glabra","Wet grasslands","Forest",0.0546,0.174
"Ulmus laevis","Wet grasslands","Forest",0.0493,0.289
"Vaccinium oxycoccos","Wet grasslands","Forest",0.0528,0.24
"Veratrum album","Wet grasslands","Forest",0.0323,0.749
"Veratrum nigrum","Wet grasslands","Forest",0.0546,0.199
"Veronica beccabunga","Wet grasslands","Forest",0.1588,0.007
"Veronica longifolia","Wet grasslands","Forest",0.1016,0.099
"Veronica montana","Wet grasslands","Forest",0.1497,0.004
"Viola elatior","Wet grasslands","Forest",0.0714,0.213
"Viola pumila","Wet grasslands","Forest",0.1174,0.026
"Viola reichenbachiana","Wet grasslands","Forest",0.0492,0.506
"Xanthium orientale","Wet grasslands","Forest",0.0474,0.331
"Achillea styriaca","Dry grasslands","Grassland",0.0233,1
"Aconitum lycoctonum","Dry grasslands","Grassland",0.0233,1
"Adonis aestivalis","Dry grasslands","Grassland",0.0329,0.748
"Agrostis vinealis","Dry grasslands","Grassland",0.139,0.027
"Ailanthus altissima","Dry grasslands","Grassland",0.0438,0.548
"Alcea biennis","Dry grasslands","Grassland",0.0329,0.73
"Allium rotundum","Dry grasslands","Grassland",0.045,0.569
"Alyssum montanum aggr.","Dry grasslands","Grassland",0.2586,0.001
"Anacamptis pyramidalis","Dry grasslands","Grassland",0.0508,0.514
"Antennaria dioica","Dry grasslands","Grassland",0.0369,0.761
"Apera interrupta","Dry grasslands","Grassland",0.0233,1
"Arenaria grandiflora","Dry grasslands","Grassland",0.0403,0.519
"Asplenium adiantum-nigrum subsp. serpentini","Dry grasslands","Grassland",0.0741,0.203
"Astragalus danicus","Dry grasslands","Grassland",0.1293,0.02
"Bothriochloa ischaemum","Dry grasslands","Grassland",0.1925,0.008
"Botrychium lunaria","Dry grasslands","Grassland",0.0273,0.966
"Camelina sativa","Dry grasslands","Grassland",0.0329,0.752
"Campanula sibirica","Dry grasslands","Grassland",0.1537,0.008
"Carex humilis","Dry grasslands","Grassland",0.2802,0.001
"Carex liparocarpos","Dry grasslands","Grassland",0.0874,0.121
"Carex montana","Dry grasslands","Grassland",0.1387,0.047
"Carex supina","Dry grasslands","Grassland",0.1549,0.023
"Centaurea stoebe","Dry grasslands","Grassland",0.2706,0.001
"Chondrilla juncea","Dry grasslands","Grassland",0.0962,0.116
"Cleistogenes serotina","Dry grasslands","Grassland",0.0504,0.428
"Clematis recta","Dry grasslands","Grassland",0.0699,0.339
"Clinopodium acinos","Dry grasslands","Grassland",0.212,0.001
"Cota austriaca","Dry grasslands","Grassland",0.0329,0.723
"Crepis praemorsa aggr.","Dry grasslands","Grassland",0.0942,0.116
"Cuscuta approximata","Dry grasslands","Grassland",0.0233,1
"Cyanus montanus","Dry grasslands","Grassland",0.0233,1
"Cynodon dactylon","Dry grasslands","Grassland",0.0864,0.202
"Danthonia alpina","Dry grasslands","Grassland",0.0525,0.482
"Digitaria ischaemum","Dry grasslands","Grassland",0.0616,0.303
"Diplotaxis muralis","Dry grasslands","Grassland",0.028,0.943
"Diplotaxis tenuifolia","Dry grasslands","Grassland",0.0678,0.255
"Draba aizoides aggr.","Dry grasslands","Grassland",0.057,0.303
"Echinops ritro","Dry grasslands","Grassland",0.0329,0.749
"Epilobium dodonaei","Dry grasslands","Grassland",0.0233,1
"Euphorbia angulata","Dry grasslands","Grassland",0.0233,1
"Euphorbia exigua","Dry grasslands","Grassland",0.0329,0.695
"Euphorbia seguieriana","Dry grasslands","Grassland",0.1971,0.001
"Euphorbia verrucosa","Dry grasslands","Grassland",0.0389,0.856
"Euphrasia stricta","Dry grasslands","Grassland",0.1029,0.091
"Festuca vaginata","Dry grasslands","Grassland",0.05,0.397
"Festuca valesiaca aggr.","Dry grasslands","Grassland",0.2924,0.001
"Filago germanica","Dry grasslands","Grassland",0.0458,0.71
"Fumana procumbens","Dry grasslands","Grassland",0.1187,0.02
"Gagea minima","Dry grasslands","Grassland",0.057,0.378
"Gagea pratensis","Dry grasslands","Grassland",0.0233,1
"Gagea pusilla","Dry grasslands","Grassland",0.0403,0.492
"Genista pilosa","Dry grasslands","Grassland",0.1953,0.002
"Glycyrrhiza glabra","Dry grasslands","Grassland",0.0707,0.249
"Gypsophila fastigiata","Dry grasslands","Grassland",0.0316,0.815
"Hacquetia epipactis","Dry grasslands","Grassland",0.0233,1
"Helichrysum arenarium","Dry grasslands","Grassland",0.1135,0.052
"Helictochloa pratensis","Dry grasslands","Grassland",0.2727,0.001
"Hieracium bifidum","Dry grasslands","Grassland",0.0358,0.692
"Hypericum elegans","Dry grasslands","Grassland",0.0969,0.073
"Hypochaeris maculata","Dry grasslands","Grassland",0.1258,0.026
"Inula salicina","Dry grasslands","Grassland",0.115,0.197
"Ionopsidium abulense","Dry grasslands","Grassland",0.0702,0.241
"Iris graminea","Dry grasslands","Grassland",0.0379,0.606
"Isatis tinctoria","Dry grasslands","Grassland",0.0233,1
"Jovibarba globifera","Dry grasslands","Grassland",0.2156,0.001
"Kernera saxatilis","Dry grasslands","Grassland",0.0233,1
"Klasea lycopifolia","Dry grasslands","Grassland",0.0849,0.14
"Lactuca saligna","Dry grasslands","Grassland",0.0233,1
"Laserpitium latifolium","Dry grasslands","Grassland",0.0819,0.165
"Lathyrus niger","Dry grasslands","Grassland",0.0969,0.078
"Lilium bulbiferum","Dry grasslands","Grassland",0.0347,0.777
"Lilium martagon","Dry grasslands","Grassland",0.0547,0.494
"Linaria genistifolia","Dry grasslands","Grassland",0.1801,0.003
"Linum austriacum","Dry grasslands","Grassland",0.0308,0.858
"Lonicera caprifolium","Dry grasslands","Grassland",0.0233,1
"Lonicera xylosteum","Dry grasslands","Grassland",0.0233,1
"Medicago monspeliaca","Dry grasslands","Grassland",0.0364,0.734
"Microrrhinum minus","Dry grasslands","Grassland",0.0427,0.653
"Minuartia glaucina","Dry grasslands","Grassland",0.0715,0.216
"Minuartia verna aggr.","Dry grasslands","Grassland",0.0426,0.589
"Ophrys apifera","Dry grasslands","Grassland",0.0233,1
"Orobanche alba","Dry grasslands","Grassland",0.1197,0.02
"Orobanche caryophyllacea","Dry grasslands","Grassland",0.0233,1
"Paragymnopteris marantae","Dry grasslands","Grassland",0.0389,0.546
"Phelipanche arenaria","Dry grasslands","Grassland",0.0233,1
"Pilosella echioides","Dry grasslands","Grassland",0.1714,0.002
"Pimpinella nigra","Dry grasslands","Grassland",0.0949,0.08
"Platanthera chlorantha","Dry grasslands","Grassland",0.0233,1
"Poa badensis aggr.","Dry grasslands","Grassland",0.1705,0.003
"Polycnemum arvense","Dry grasslands","Grassland",0.0437,0.75
"Pontechium maculatum","Dry grasslands","Grassland",0.0641,0.277
"Potentilla alba","Dry grasslands","Grassland",0.1684,0.007
"Potentilla collina","Dry grasslands","Grassland",0.0281,0.905
"Potentilla incana","Dry grasslands","Grassland",0.3828,0.001
"Prunus armeniaca","Dry grasslands","Grassland",0.0233,1
"Pteridium aquilinum","Dry grasslands","Grassland",0.0233,1
"Pulmonaria angustifolia","Dry grasslands","Grassland",0.1374,0.011
"Rosa inodora","Dry grasslands","Grassland",0.0233,1
"Rosa marginata","Dry grasslands","Grassland",0.0329,0.703
"Rumex acetosella","Dry grasslands","Grassland",0.1966,0.004
"Salvia aethiopis","Dry grasslands","Grassland",0.0329,0.696
"Sanguisorba minor aggr.","Dry grasslands","Grassland",0.2734,0.001
"Saxifraga paniculata","Dry grasslands","Grassland",0.0635,0.367
"Scleranthus polycarpos","Dry grasslands","Grassland",0.0616,0.333
"Sclerochloa dura","Dry grasslands","Grassland",0.0233,1
"Scorzonera purpurea","Dry grasslands","Grassland",0.065,0.381
"Senecio doria aggr.","Dry grasslands","Grassland",0.0226,0.983
"Seseli annuum","Dry grasslands","Grassland",0.1463,0.022
"Seseli osseum","Dry grasslands","Grassland",0.2371,0.001
"Sesleria caerulea","Dry grasslands","Grassland",0.1903,0.001
"Silene dichotoma","Dry grasslands","Grassland",0.0233,1
"Silene italica aggr.","Dry grasslands","Grassland",0.0233,1
"Silene otites aggr.","Dry grasslands","Grassland",0.2019,0.001
"Silene viscosa","Dry grasslands","Grassland",0.0714,0.158
"Sorbus domestica","Dry grasslands","Grassland",0.0233,1
"Spergula pentandra","Dry grasslands","Grassland",0.0403,0.543
"Stachys germanica","Dry grasslands","Grassland",0.0403,0.532
"Stipa dasyphylla","Dry grasslands","Grassland",0.0995,0.044
"Stipa eriocaulis","Dry grasslands","Grassland",0.0507,0.461
"Stipa zalesskii","Dry grasslands","Grassland",0.0233,1
"Symphytum tuberosum aggr.","Dry grasslands","Grassland",0.0486,0.665
"Taraxacum sect. Erythrosperma","Dry grasslands","Grassland",0.0886,0.139
"Teucrium botrys","Dry grasslands","Grassland",0.033,0.839
"Teucrium montanum","Dry grasslands","Grassland",0.1532,0.015
"Thalictrum foetidum","Dry grasslands","Grassland",0.0736,0.174
"Thalictrum minus","Dry grasslands","Grassland",0.1441,0.052
"Thymus praecox","Dry grasslands","Grassland",0.2748,0.001
"Thymus pulcherrimus","Dry grasslands","Grassland",0.0233,1
"Thymus serpyllum","Dry grasslands","Grassland",0.1053,0.091
"Traunsteinera globosa","Dry grasslands","Grassland",0.0802,0.162
"Trifolium rubens","Dry grasslands","Grassland",0.0621,0.51
"Trinia glauca","Dry grasslands","Grassland",0.0452,0.573
"Vaccinium uliginosum","Dry grasslands","Grassland",0.0335,0.798
"Vaccinium vitis-idaea","Dry grasslands","Grassland",0.034,0.956
"Valeriana stolonifera","Dry grasslands","Grassland",0.0947,0.103
"Verbascum speciosum","Dry grasslands","Grassland",0.0415,0.615
"Veronica spicata","Dry grasslands","Grassland",0.2609,0.001
"Vicia sylvatica","Dry grasslands","Grassland",0.0403,0.535
"Ajuga reptans","Mesic grasslands","Grassland",0.1733,0.006
"Alchemilla glaucescens","Mesic grasslands","Grassland",0.0667,0.315
"Alchemilla xanthochlora","Mesic grasslands","Grassland",0.0604,0.351
"Allium ursinum","Mesic grasslands","Grassland",0.0452,0.417
"Anemone ranunculoides","Mesic grasslands","Grassland",0.0364,0.701
"Arabidopsis halleri","Mesic grasslands","Grassland",0.105,0.049
"Arnica montana","Mesic grasslands","Grassland",0.0593,0.43
"Atriplex tatarica","Mesic grasslands","Grassland",0.0369,0.675
"Briza media","Mesic grasslands","Grassland",0.1755,0.075
"Campanula patula aggr.","Mesic grasslands","Grassland",0.2768,0.001
"Cardamine hirsuta","Mesic grasslands","Grassland",0.0371,0.584
"Carex hirta","Mesic grasslands","Grassland",0.1619,0.017
"Carex pallescens","Mesic grasslands","Grassland",0.1753,0.003
"Centaurea phrygia aggr.","Mesic grasslands","Grassland",0.0648,0.335
"Cerastium fontanum subsp. vulgare","Mesic grasslands","Grassland",0.284,0.001
"Cerastium glomeratum","Mesic grasslands","Grassland",0.0354,0.796
"Chaerophyllum aureum","Mesic grasslands","Grassland",0.0785,0.195
"Chenopodium opulifolium","Mesic grasslands","Grassland",0.0301,0.81
"Cirsium heterophyllum aggr.","Mesic grasslands","Grassland",0.1214,0.054
"Crepis mollis","Mesic grasslands","Grassland",0.13,0.028
"Cruciata glabra","Mesic grasslands","Grassland",0.1164,0.041
"Festuca rubra aggr.","Mesic grasslands","Grassland",0.4194,0.001
"Geranium pyrenaicum","Mesic grasslands","Grassland",0.0752,0.151
"Geranium sylvaticum aggr.","Mesic grasslands","Grassland",0.0578,0.408
"Holcus lanatus","Mesic grasslands","Grassland",0.2455,0.001
"Hypericum maculatum aggr.","Mesic grasslands","Grassland",0.2252,0.001
"Isolepis setacea","Mesic grasslands","Grassland",0.0365,0.589
"Lolium multiflorum","Mesic grasslands","Grassland",0.0517,0.438
"Luzula campestris aggr.","Mesic grasslands","Grassland",0.2367,0.003
"Malva alcea","Mesic grasslands","Grassland",0.0371,0.551
"Malva moschata","Mesic grasslands","Grassland",0.0742,0.165
"Malva sylvestris","Mesic grasslands","Grassland",0.0525,0.248
"Melilotus indicus","Mesic grasslands","Grassland",0.0371,0.583
"Mercurialis annua","Mesic grasslands","Grassland",0.0262,0.898
"Muscari botryoides","Mesic grasslands","Grassland",0.0249,0.937
"Myosotis arvensis","Mesic grasslands","Grassland",0.1465,0.009
"Myosotis discolor","Mesic grasslands","Grassland",0.0768,0.143
"Myrrhis odorata","Mesic grasslands","Grassland",0.0371,0.575
"Nepeta nuda","Mesic grasslands","Grassland",0.0295,0.838
"Neslia paniculata","Mesic grasslands","Grassland",0.025,0.953
"Odontites vulgaris aggr.","Mesic grasslands","Grassland",0.0636,0.416
"Oxalis corniculata","Mesic grasslands","Grassland",0.0241,0.96
"Phleum alpinum aggr.","Mesic grasslands","Grassland",0.0371,0.583
"Phleum nodosum","Mesic grasslands","Grassland",0.0371,0.557
"Phyteuma spicatum","Mesic grasslands","Grassland",0.0619,0.302
"Pilosella acutifolia","Mesic grasslands","Grassland",0.0371,0.592
"Poa chaixii","Mesic grasslands","Grassland",0.11,0.038
"Potentilla norvegica","Mesic grasslands","Grassland",0.0371,0.56
"Pulmonaria mollis","Mesic grasslands","Grassland",0.1148,0.02
"Rosa pendulina","Mesic grasslands","Grassland",0.0362,0.621
"Rumex acetosa","Mesic grasslands","Grassland",0.3535,0.001
"Rumex arifolius","Mesic grasslands","Grassland",0.0371,0.585
"Stachys officinalis","Mesic grasslands","Grassland",0.1474,0.105
"Stellaria graminea","Mesic grasslands","Grassland",0.2694,0.001
"Tanacetum vulgare","Mesic grasslands","Grassland",0.0945,0.145
"Taraxacum nordstedtii","Mesic grasslands","Grassland",0.0284,0.879
"Trifolium hybridum","Mesic grasslands","Grassland",0.1302,0.047
"Veronica chamaedrys aggr.","Mesic grasslands","Grassland",0.3539,0.001
"Veronica filiformis","Mesic grasslands","Grassland",0.0569,0.263
"Veronica officinalis","Mesic grasslands","Grassland",0.1041,0.097
"Veronica serpyllifolia","Mesic grasslands","Grassland",0.1605,0.006
"Vicia cassubica","Mesic grasslands","Grassland",0.0371,0.594
"Vicia tetrasperma","Mesic grasslands","Grassland",0.1715,0.005
"Achillea aspleniifolia","Wet grasslands","Grassland",0.0543,0.265
"Aconitum variegatum","Wet grasslands","Grassland",0.0701,0.21
"Amaranthus blitum","Wet grasslands","Grassland",0.0314,0.734
"Anacamptis palustris aggr.","Wet grasslands","Grassland",0.084,0.102
"Anemone nemorosa","Wet grasslands","Grassland",0.1172,0.096
"Angelica palustris","Wet grasslands","Grassland",0.0314,0.736
"Aruncus dioicus","Wet grasslands","Grassland",0.0314,0.75
"Bromus racemosus","Wet grasslands","Grassland",0.0237,1
"Bryonia alba","Wet grasslands","Grassland",0.0314,0.744
"Cardamine bulbifera","Wet grasslands","Grassland",0.0314,0.749
"Cardamine parviflora","Wet grasslands","Grassland",0.0638,0.322
"Carex buxbaumii","Wet grasslands","Grassland",0.1142,0.023
"Carex demissa","Wet grasslands","Grassland",0.0709,0.202
"Carex disticha","Wet grasslands","Grassland",0.1199,0.036
"Carex echinata","Wet grasslands","Grassland",0.1598,0.009
"Carex elata","Wet grasslands","Grassland",0.1188,0.04
"Carex flava","Wet grasslands","Grassland",0.0752,0.175
"Carex lasiocarpa","Wet grasslands","Grassland",0.0652,0.265
"Carex nigra","Wet grasslands","Grassland",0.315,0.001
"Carex rostrata","Wet grasslands","Grassland",0.1811,0.007
"Carex umbrosa","Wet grasslands","Grassland",0.1563,0.004
"Carex vulpina","Wet grasslands","Grassland",0.1571,0.012
"Chenopodiastrum hybridum","Wet grasslands","Grassland",0.0314,0.742
"Cirsium brachycephalum","Wet grasslands","Grassland",0.0806,0.133
"Cirsium palustre","Wet grasslands","Grassland",0.2747,0.001
"Corydalis intermedia","Wet grasslands","Grassland",0.0314,0.738
"Corydalis solida","Wet grasslands","Grassland",0.0314,0.731
"Dactylorhiza majalis","Wet grasslands","Grassland",0.1272,0.031
"Doronicum austriacum","Wet grasslands","Grassland",0.0314,0.732
"Elatine hydropiper","Wet grasslands","Grassland",0.0314,0.738
"Eleocharis mamillata","Wet grasslands","Grassland",0.0314,0.74
"Eleocharis uniglumis","Wet grasslands","Grassland",0.1369,0.02
"Epilobium angustifolium","Wet grasslands","Grassland",0.0516,0.507
"Epilobium montanum","Wet grasslands","Grassland",0.0639,0.334
"Epilobium palustre","Wet grasslands","Grassland",0.1911,0.001
"Epilobium parviflorum","Wet grasslands","Grassland",0.0527,0.486
"Epipactis palustris","Wet grasslands","Grassland",0.0983,0.063
"Equisetum fluviatile","Wet grasslands","Grassland",0.1926,0.002
"Eriophorum angustifolium","Wet grasslands","Grassland",0.1771,0.005
"Eriophorum vaginatum","Wet grasslands","Grassland",0.058,0.278
"Erysimum cheiranthoides","Wet grasslands","Grassland",0.0316,0.839
"Euphorbia illirica","Wet grasslands","Grassland",0.0328,0.819
"Euphorbia lucida","Wet grasslands","Grassland",0.0981,0.055
"Euphorbia palustris","Wet grasslands","Grassland",0.0283,0.881
"Euphorbia platyphyllos","Wet grasslands","Grassland",0.0314,0.739
"Filipendula ulmaria","Wet grasslands","Grassland",0.305,0.001
"Gagea lutea","Wet grasslands","Grassland",0.0443,0.41
"Galium intermedium","Wet grasslands","Grassland",0.0314,0.749
"Galium palustre aggr.","Wet grasslands","Grassland",0.2642,0.001
"Geum rivale","Wet grasslands","Grassland",0.1455,0.009
"Gladiolus imbricatus","Wet grasslands","Grassland",0.0409,0.535
"Gladiolus palustris","Wet grasslands","Grassland",0.0695,0.243
"Hypericum tetrapterum","Wet grasslands","Grassland",0.0741,0.195
"Illecebrum verticillatum","Wet grasslands","Grassland",0.0443,0.417
"Juncus acutiflorus","Wet grasslands","Grassland",0.0622,0.271
"Juncus alpinoarticulatus","Wet grasslands","Grassland",0.0443,0.42
"Juncus atratus","Wet grasslands","Grassland",0.0443,0.394
"Juncus bulbosus","Wet grasslands","Grassland",0.0314,0.75
"Juncus inflexus","Wet grasslands","Grassland",0.133,0.022
"Kickxia elatine","Wet grasslands","Grassland",0.0314,0.746
"Laserpitium prutenicum","Wet grasslands","Grassland",0.1106,0.044
"Lathyrus palustris","Wet grasslands","Grassland",0.1203,0.026
"Leersia oryzoides","Wet grasslands","Grassland",0.0679,0.159
"Lemna trisulca","Wet grasslands","Grassland",0.0314,0.73
"Lindernia procumbens","Wet grasslands","Grassland",0.0314,0.748
"Lycopus exaltatus","Wet grasslands","Grassland",0.048,0.42
"Lythrum portula","Wet grasslands","Grassland",0.0411,0.521
"Mentha arvensis","Wet grasslands","Grassland",0.1671,0.006
"Omphalodes scorpioides","Wet grasslands","Grassland",0.0443,0.402
"Pedicularis sylvatica","Wet grasslands","Grassland",0.0606,0.316
"Pilosella auriculoides","Wet grasslands","Grassland",0.0443,0.435
"Pilosella lactucella","Wet grasslands","Grassland",0.0752,0.191
"Pinguicula vulgaris","Wet grasslands","Grassland",0.0314,0.73
"Polemonium caeruleum","Wet grasslands","Grassland",0.054,0.332
"Polygala amara","Wet grasslands","Grassland",0.0438,0.652
"Ranunculus platanifolius","Wet grasslands","Grassland",0.0314,0.732
"Ranunculus sardous","Wet grasslands","Grassland",0.0575,0.233
"Rumex stenophyllus","Wet grasslands","Grassland",0.0314,0.734
"Salix myrtilloides","Wet grasslands","Grassland",0.0314,0.76
"Salix repens","Wet grasslands","Grassland",0.1455,0.008
"Salix viminalis","Wet grasslands","Grassland",0.0443,0.386
"Samolus valerandi","Wet grasslands","Grassland",0.0443,0.392
"Scirpoides holoschoenus","Wet grasslands","Grassland",0.0574,0.418
"Scorzonera humilis","Wet grasslands","Grassland",0.114,0.095
"Scutellaria hastifolia","Wet grasslands","Grassland",0.1091,0.024
"Silene flos-cuculi","Wet grasslands","Grassland",0.2528,0.001
"Solidago canadensis","Wet grasslands","Grassland",0.0455,0.727
"Spergula arvensis","Wet grasslands","Grassland",0.0314,0.712
"Stachys palustris","Wet grasslands","Grassland",0.0765,0.185
"Succisa pratensis","Wet grasslands","Grassland",0.1788,0.011
"Teucrium scordium","Wet grasslands","Grassland",0.0791,0.158
"Thalictrum flavum","Wet grasslands","Grassland",0.1029,0.068
"Thalictrum simplex","Wet grasslands","Grassland",0.0963,0.049
"Torilis arvensis","Wet grasslands","Grassland",0.0314,0.709
"Tussilago farfara","Wet grasslands","Grassland",0.0557,0.546
"Valeriana dioica","Wet grasslands","Grassland",0.21,0.001
"Viola stagnina","Wet grasslands","Grassland",0.0491,0.515
"Willemetia stipitata","Wet grasslands","Grassland",0.0821,0.185
"Acer campestre","Dry grasslands","Permanent crop",0.1162,0.04
"Achillea pannonica","Dry grasslands","Permanent crop",0.1992,0.001
"Agrimonia eupatoria","Dry grasslands","Permanent crop",0.2393,0.001
"Agropyron cristatum","Dry grasslands","Permanent crop",0.0343,0.645
"Anemone sylvestris","Dry grasslands","Permanent crop",0.1187,0.047
"Anthericum ramosum","Dry grasslands","Permanent crop",0.2437,0.001
"Anthyllis vulneraria","Dry grasslands","Permanent crop",0.2198,0.001
"Artemisia pontica","Dry grasslands","Permanent crop",0.09,0.075
"Asparagus officinalis","Dry grasslands","Permanent crop",0.1143,0.042
"Asperula tinctoria","Dry grasslands","Permanent crop",0.1257,0.025
"Aster amellus","Dry grasslands","Permanent crop",0.3717,0.001
"Astragalus onobrychis","Dry grasslands","Permanent crop",0.2095,0.001
"Bassia prostrata","Dry grasslands","Permanent crop",0.0644,0.258
"Bromopsis erecta","Dry grasslands","Permanent crop",0.2884,0.001
"Bromopsis inermis","Dry grasslands","Permanent crop",0.233,0.001
"Bromus commutatus","Dry grasslands","Permanent crop",0.072,0.137
"Bromus japonicus","Dry grasslands","Permanent crop",0.0702,0.272
"Bupleurum affine","Dry grasslands","Permanent crop",0.0444,0.393
"Bupleurum falcatum","Dry grasslands","Permanent crop",0.3653,0.001
"Campanula bononiensis","Dry grasslands","Permanent crop",0.1217,0.018
"Campanula glomerata","Dry grasslands","Permanent crop",0.2479,0.001
"Carex alba","Dry grasslands","Permanent crop",0.0644,0.159
"Carex flacca","Dry grasslands","Permanent crop",0.1669,0.008
"Carex ornithopoda","Dry grasslands","Permanent crop",0.1107,0.048
"Carlina vulgaris aggr.","Dry grasslands","Permanent crop",0.2559,0.001
"Castanea sativa","Dry grasslands","Permanent crop",0.0519,0.238
"Centaurea scabiosa","Dry grasslands","Permanent crop",0.4246,0.001
"Cirsium pannonicum","Dry grasslands","Permanent crop",0.145,0.027
"Colutea arborescens","Dry grasslands","Permanent crop",0.0519,0.231
"Cornus sanguinea","Dry grasslands","Permanent crop",0.2533,0.001
"Coronilla coronata","Dry grasslands","Permanent crop",0.0734,0.13
"Cotoneaster tomentosus","Dry grasslands","Permanent crop",0.0496,0.345
"Crataegus monogyna","Dry grasslands","Permanent crop",0.2472,0.001
"Cuscuta epithymum","Dry grasslands","Permanent crop",0.1442,0.003
"Cyanus mollis","Dry grasslands","Permanent crop",0.0519,0.234
"Cypripedium calceolus","Dry grasslands","Permanent crop",0.0478,0.324
"Cytisus hirsutus","Dry grasslands","Permanent crop",0.1419,0.01
"Dianthus carthusianorum","Dry grasslands","Permanent crop",0.1359,0.055
"Dianthus collinus","Dry grasslands","Permanent crop",0.0734,0.135
"Dichoropetalum carvifolia","Dry grasslands","Permanent crop",0.0519,0.259
"Dictamnus albus","Dry grasslands","Permanent crop",0.1649,0.004
"Dorycnium pentaphyllum","Dry grasslands","Permanent crop",0.3442,0.001
"Eryngium campestre","Dry grasslands","Permanent crop",0.2867,0.001
"Erysimum marschallianum","Dry grasslands","Permanent crop",0.055,0.439
"Erysimum sylvestre","Dry grasslands","Permanent crop",0.0519,0.252
"Euphorbia esula","Dry grasslands","Permanent crop",0.1678,0.01
"Euphorbia stricta","Dry grasslands","Permanent crop",0.0592,0.243
"Falcaria vulgaris","Dry grasslands","Permanent crop",0.2179,0.002
"Festuca stricta subsp. sulcata","Dry grasslands","Permanent crop",0.3591,0.001
"Galatella linosyris","Dry grasslands","Permanent crop",0.3725,0.001
"Galium lucidum","Dry grasslands","Permanent crop",0.0485,0.288
"Galium spurium","Dry grasslands","Permanent crop",0.0576,0.354
"Genista sagittalis","Dry grasslands","Permanent crop",0.0519,0.267
"Geranium sanguineum","Dry grasslands","Permanent crop",0.2516,0.001
"Globularia bisnagarica","Dry grasslands","Permanent crop",0.1319,0.011
"Globularia cordifolia","Dry grasslands","Permanent crop",0.1722,0.001
"Gypsophila paniculata","Dry grasslands","Permanent crop",0.0644,0.344
"Hesperis tristis","Dry grasslands","Permanent crop",0.0835,0.114
"Hieracium racemosum","Dry grasslands","Permanent crop",0.0693,0.199
"Hieracium umbellatum","Dry grasslands","Permanent crop",0.2989,0.001
"Himantoglossum adriaticum","Dry grasslands","Permanent crop",0.1983,0.002
"Inula ensifolia","Dry grasslands","Permanent crop",0.3446,0.001
"Inula hirta","Dry grasslands","Permanent crop",0.1662,0.005
"Iris pumila","Dry grasslands","Permanent crop",0.1902,0.004
"Juglans regia","Dry grasslands","Permanent crop",0.1027,0.053
"Jurinea mollis","Dry grasslands","Permanent crop",0.1964,0.001
"Laser trilobum","Dry grasslands","Permanent crop",0.0519,0.251
"Lathyrus latifolius","Dry grasslands","Permanent crop",0.123,0.033
"Lathyrus tuberosus","Dry grasslands","Permanent crop",0.1629,0.003
"Leucanthemum adustum","Dry grasslands","Permanent crop",0.0714,0.163
"Linum flavum","Dry grasslands","Permanent crop",0.1617,0.007
"Linum hirsutum","Dry grasslands","Permanent crop",0.1356,0.01
"Linum tenuifolium","Dry grasslands","Permanent crop",0.2145,0.001
"Malus pumila","Dry grasslands","Permanent crop",0.0299,0.903
"Melampyrum arvense","Dry grasslands","Permanent crop",0.3066,0.001
"Melica uniflora","Dry grasslands","Permanent crop",0.0521,0.482
"Melilotus officinalis","Dry grasslands","Permanent crop",0.2186,0.001
"Mercurialis ovata","Dry grasslands","Permanent crop",0.0444,0.484
"Odontites luteus","Dry grasslands","Permanent crop",0.2336,0.001
"Onopordum acanthium","Dry grasslands","Permanent crop",0.0443,0.682
"Ophrys insectifera","Dry grasslands","Permanent crop",0.0519,0.27
"Ophrys sphegodes","Dry grasslands","Permanent crop",0.1038,0.037
"Orchis purpurea","Dry grasslands","Permanent crop",0.0405,0.484
"Orobanche elatior","Dry grasslands","Permanent crop",0.1034,0.035
"Orobanche gracilis","Dry grasslands","Permanent crop",0.0651,0.317
"Orobanche teucrii","Dry grasslands","Permanent crop",0.0382,0.599
"Oxytropis pilosa","Dry grasslands","Permanent crop",0.15,0.012
"Petrorhagia prolifera","Dry grasslands","Permanent crop",0.084,0.126
"Peucedanum alsaticum","Dry grasslands","Permanent crop",0.3176,0.001
"Peucedanum cervaria","Dry grasslands","Permanent crop",0.4113,0.001
"Peucedanum oreoselinum","Dry grasslands","Permanent crop",0.0935,0.18
"Phelipanche purpurea","Dry grasslands","Permanent crop",0.032,0.769
"Phlomis tuberosa","Dry grasslands","Permanent crop",0.0427,0.722
"Phyteuma orbiculare","Dry grasslands","Permanent crop",0.0561,0.242
"Pilosella densiflora","Dry grasslands","Permanent crop",0.0415,0.797
"Pilosella piloselloides","Dry grasslands","Permanent crop",0.0734,0.122
"Pinus nigra","Dry grasslands","Permanent crop",0.0474,0.55
"Polygala major","Dry grasslands","Permanent crop",0.2265,0.001
"Potentilla recta","Dry grasslands","Permanent crop",0.1839,0.001
"Prunus avium","Dry grasslands","Permanent crop",0.069,0.297
"Prunus fruticosa","Dry grasslands","Permanent crop",0.1787,0.001
"Prunus mahaleb","Dry grasslands","Permanent crop",0.1075,0.042
"Prunus spinosa","Dry grasslands","Permanent crop",0.2041,0.002
"Prunus tenella","Dry grasslands","Permanent crop",0.0519,0.257
"Pseudopodospermum hispanicum","Dry grasslands","Permanent crop",0.2041,0.001
"Pulsatilla pratensis","Dry grasslands","Permanent crop",0.1374,0.016
"Pyrus communis","Dry grasslands","Permanent crop",0.1344,0.011
"Quercus dalechampii","Dry grasslands","Permanent crop",0.0624,0.239
"Rapistrum perenne","Dry grasslands","Permanent crop",0.1638,0.001
"Rhamnus cathartica","Dry grasslands","Permanent crop",0.0636,0.413
"Rosa canina","Dry grasslands","Permanent crop",0.1503,0.01
"Rosa rubiginosa aggr.","Dry grasslands","Permanent crop",0.0552,0.367
"Rosa spinosissima","Dry grasslands","Permanent crop",0.2059,0.001
"Salsola kali aggr.","Dry grasslands","Permanent crop",0.0534,0.428
"Salvia verticillata","Dry grasslands","Permanent crop",0.2481,0.001
"Securigera varia","Dry grasslands","Permanent crop",0.2762,0.001
"Seseli libanotis","Dry grasslands","Permanent crop",0.3911,0.001
"Seseli pallasii","Dry grasslands","Permanent crop",0.0704,0.254
"Sideritis montana","Dry grasslands","Permanent crop",0.1019,0.046
"Silene coronaria","Dry grasslands","Permanent crop",0.0519,0.248
"Silene vulgaris","Dry grasslands","Permanent crop",0.198,0.003
"Sisymbrium orientale","Dry grasslands","Permanent crop",0.0995,0.046
"Solidago virgaurea","Dry grasslands","Permanent crop",0.0761,0.306
"Sorbus aria aggr.","Dry grasslands","Permanent crop",0.0598,0.348
"Stachys annua","Dry grasslands","Permanent crop",0.0353,0.685
"Stipa capillata","Dry grasslands","Permanent crop",0.2293,0.002
"Stipa pennata","Dry grasslands","Permanent crop",0.2637,0.001
"Stipa tirsa","Dry grasslands","Permanent crop",0.0876,0.077
"Takhtajaniantha austriaca","Dry grasslands","Permanent crop",0.1546,0.008
"Tanacetum corymbosum","Dry grasslands","Permanent crop",0.237,0.001
"Thesium linophyllon","Dry grasslands","Permanent crop",0.2852,0.001
"Thesium ramosum","Dry grasslands","Permanent crop",0.0738,0.242
"Tilia platyphyllos","Dry grasslands","Permanent crop",0.0362,0.746
"Trifolium retusum","Dry grasslands","Permanent crop",0.0419,0.456
"Ulmus minor","Dry grasslands","Permanent crop",0.0843,0.123
"Verbascum nigrum","Dry grasslands","Permanent crop",0.0716,0.221
"Viburnum lantana","Dry grasslands","Permanent crop",0.1587,0.002
"Vicia pisiformis","Dry grasslands","Permanent crop",0.0519,0.259
"Vicia tenuifolia","Dry grasslands","Permanent crop",0.1726,0.014
"Viola ambigua","Dry grasslands","Permanent crop",0.1482,0.008
"Viola hirta","Dry grasslands","Permanent crop",0.2287,0.001
"Vitis vinifera","Dry grasslands","Permanent crop",0.0669,0.285
"Allium scorodoprasum","Mesic grasslands","Permanent crop",0.2308,0.001
"Arctium nemorosum","Mesic grasslands","Permanent crop",0.0772,0.153
"Aristolochia clematitis","Mesic grasslands","Permanent crop",0.0795,0.164
"Arrhenatherum elatius","Mesic grasslands","Permanent crop",0.5445,0.001
"Astragalus asper","Mesic grasslands","Permanent crop",0.0985,0.04
"Astragalus cicer","Mesic grasslands","Permanent crop",0.2559,0.001
"Astragalus glycyphyllos","Mesic grasslands","Permanent crop",0.1649,0.004
"Atriplex sagittata","Mesic grasslands","Permanent crop",0.0314,0.952
"Avenula pubescens","Mesic grasslands","Permanent crop",0.2982,0.001
"Buglossoides arvensis aggr.","Mesic grasslands","Permanent crop",0.1225,0.015
"Buphthalmum salicifolium","Mesic grasslands","Permanent crop",0.3438,0.001
"Campanula rapunculoides","Mesic grasslands","Permanent crop",0.3272,0.001
"Centaurea jacea","Mesic grasslands","Permanent crop",0.4406,0.001
"Cerastium brachypetalum","Mesic grasslands","Permanent crop",0.1821,0.001
"Chaerophyllum aromaticum","Mesic grasslands","Permanent crop",0.1598,0.011
"Clematis integrifolia","Mesic grasslands","Permanent crop",0.064,0.286
"Clematis vitalba","Mesic grasslands","Permanent crop",0.1655,0.007
"Clinopodium vulgare","Mesic grasslands","Permanent crop",0.1464,0.024
"Colchicum autumnale","Mesic grasslands","Permanent crop",0.2777,0.001
"Crepis foetida aggr.","Mesic grasslands","Permanent crop",0.07,0.211
"Cruciata laevipes","Mesic grasslands","Permanent crop",0.1931,0.001
"Draba nemorosa","Mesic grasslands","Permanent crop",0.0905,0.066
"Drabella muralis","Mesic grasslands","Permanent crop",0.1348,0.006
"Equisetum arvense","Mesic grasslands","Permanent crop",0.2559,0.001
"Erigeron annuus","Mesic grasslands","Permanent crop",0.2112,0.001
"Euonymus europaeus","Mesic grasslands","Permanent crop",0.098,0.081
"Euphorbia dulcis","Mesic grasslands","Permanent crop",0.0942,0.07
"Euphorbia salicifolia","Mesic grasslands","Permanent crop",0.0645,0.218
"Filago arvensis","Mesic grasslands","Permanent crop",0.0811,0.127
"Filipendula vulgaris","Mesic grasslands","Permanent crop",0.1968,0.005
"Galium austriacum","Mesic grasslands","Permanent crop",0.0866,0.098
"Galium mollugo aggr.","Mesic grasslands","Permanent crop",0.347,0.001
"Heracleum sphondylium","Mesic grasslands","Permanent crop",0.3118,0.001
"Hypericum hirsutum","Mesic grasslands","Permanent crop",0.0871,0.078
"Knautia arvensis","Mesic grasslands","Permanent crop",0.3333,0.001
"Knautia drymeia","Mesic grasslands","Permanent crop",0.1904,0.002
"Lathyrus sylvestris","Mesic grasslands","Permanent crop",0.1442,0.01
"Medicago lupulina","Mesic grasslands","Permanent crop",0.2747,0.001
"Medicago x varia","Mesic grasslands","Permanent crop",0.4137,0.001
"Neottia ovata","Mesic grasslands","Permanent crop",0.0564,0.535
"Oenothera biennis","Mesic grasslands","Permanent crop",0.0706,0.214
"Onobrychis viciifolia","Mesic grasslands","Permanent crop",0.4136,0.001
"Ononis spinosa","Mesic grasslands","Permanent crop",0.2146,0.002
"Orobanche lutea","Mesic grasslands","Permanent crop",0.0595,0.369
"Papaver rhoeas","Mesic grasslands","Permanent crop",0.0644,0.263
"Pilosella floribunda","Mesic grasslands","Permanent crop",0.1782,0.001
"Primula veris","Mesic grasslands","Permanent crop",0.2069,0.001
"Prunus cerasifera","Mesic grasslands","Permanent crop",0.0862,0.052
"Ranunculus bulbosus","Mesic grasslands","Permanent crop",0.1706,0.004
"Ranunculus polyanthemos","Mesic grasslands","Permanent crop",0.2278,0.001
"Rhinanthus angustifolius","Mesic grasslands","Permanent crop",0.0694,0.408
"Rhinanthus minor","Mesic grasslands","Permanent crop",0.2747,0.001
"Rumex thyrsiflorus","Mesic grasslands","Permanent crop",0.1005,0.08
"Salvia glutinosa","Mesic grasslands","Permanent crop",0.2391,0.001
"Salvia pratensis","Mesic grasslands","Permanent crop",0.4006,0.001
"Saponaria officinalis","Mesic grasslands","Permanent crop",0.0428,0.758
"Saxifraga bulbifera","Mesic grasslands","Permanent crop",0.0908,0.136
"Schedonorus pratensis","Mesic grasslands","Permanent crop",0.3886,0.001
"Sonchus arvensis","Mesic grasslands","Permanent crop",0.0795,0.164
"Sparganium emersum","Mesic grasslands","Permanent crop",0.1048,0.022
"Tragopogon pratensis","Mesic grasslands","Permanent crop",0.4712,0.001
"Trifolium campestre","Mesic grasslands","Permanent crop",0.2831,0.001
"Trifolium montanum","Mesic grasslands","Permanent crop",0.2026,0.002
"Trifolium pratense","Mesic grasslands","Permanent crop",0.4689,0.001
"Trisetum flavescens","Mesic grasslands","Permanent crop",0.4304,0.001
"Valeriana officinalis aggr.","Mesic grasslands","Permanent crop",0.091,0.135
"Veronica agrestis","Mesic grasslands","Permanent crop",0.1841,0.001
"Veronica orchidea","Mesic grasslands","Permanent crop",0.0862,0.111
"Vicia cracca","Mesic grasslands","Permanent crop",0.3405,0.001
"Vicia sativa","Mesic grasslands","Permanent crop",0.1677,0.009
"Vicia sepium","Mesic grasslands","Permanent crop",0.2641,0.001
"Abies alba","Dry grasslands","Settlement",0.1156,0.029
"Acer platanoides","Dry grasslands","Settlement",0.0848,0.126
"Agrostis gigantea","Dry grasslands","Settlement",0.0891,0.138
"Ajuga genevensis","Dry grasslands","Settlement",0.1299,0.029
"Allium flavum","Dry grasslands","Settlement",0.2235,0.001
"Allium lusitanicum","Dry grasslands","Settlement",0.1485,0.023
"Alyssum alyssoides","Dry grasslands","Settlement",0.2349,0.001
"Androsace elongata","Dry grasslands","Settlement",0.1413,0.004
"Anisantha sterilis","Dry grasslands","Settlement",0.1978,0.001
"Anisantha tectorum","Dry grasslands","Settlement",0.1628,0.01
"Arabidopsis arenosa","Dry grasslands","Settlement",0.1133,0.028
"Arabidopsis thaliana","Dry grasslands","Settlement",0.1448,0.037
"Arenaria serpyllifolia","Dry grasslands","Settlement",0.398,0.001
"Artemisia campestris","Dry grasslands","Settlement",0.3444,0.001
"Asplenium ruta-muraria","Dry grasslands","Settlement",0.2181,0.001
"Asplenium trichomanes","Dry grasslands","Settlement",0.106,0.035
"Aurinia saxatilis","Dry grasslands","Settlement",0.2059,0.001
"Berteroa incana","Dry grasslands","Settlement",0.3822,0.001
"Camelina microcarpa","Dry grasslands","Settlement",0.3099,0.001
"Campanula cervicaria","Dry grasslands","Settlement",0.1782,0.001
"Cerastium arvense","Dry grasslands","Settlement",0.16,0.011
"Cerastium pumilum","Dry grasslands","Settlement",0.2108,0.005
"Chelidonium majus","Dry grasslands","Settlement",0.1309,0.007
"Corylus avellana","Dry grasslands","Settlement",0.1603,0.001
"Cotinus coggygria","Dry grasslands","Settlement",0.1414,0.008
"Cymbalaria muralis","Dry grasslands","Settlement",0.1414,0.004
"Cystopteris fragilis","Dry grasslands","Settlement",0.1331,0.006
"Descurainia sophia","Dry grasslands","Settlement",0.1727,0.001
"Dianthus carthusianorum aggr.","Dry grasslands","Settlement",0.2413,0.002
"Drymocallis rupestris","Dry grasslands","Settlement",0.1414,0.01
"Echium vulgare","Dry grasslands","Settlement",0.2969,0.001
"Elytrigia intermedia","Dry grasslands","Settlement",0.2475,0.001
"Erodium cicutarium","Dry grasslands","Settlement",0.1188,0.036
"Festuca ovina","Dry grasslands","Settlement",0.2109,0.001
"Festuca pallens","Dry grasslands","Settlement",0.3042,0.001
"Fragaria vesca","Dry grasslands","Settlement",0.1894,0.006
"Galium glaucum","Dry grasslands","Settlement",0.2999,0.001
"Gymnadenia conopsea","Dry grasslands","Settlement",0.1143,0.036
"Hedera helix aggr.","Dry grasslands","Settlement",0.1411,0.004
"Hieracium lachenalii","Dry grasslands","Settlement",0.0903,0.078
"Holosteum umbellatum","Dry grasslands","Settlement",0.1404,0.019
"Hypochaeris radicata","Dry grasslands","Settlement",0.1422,0.017
"Jasione montana","Dry grasslands","Settlement",0.1362,0.035
"Koeleria macrantha","Dry grasslands","Settlement",0.2979,0.001
"Lactuca serriola","Dry grasslands","Settlement",0.1897,0.002
"Lamium purpureum","Dry grasslands","Settlement",0.16,0.002
"Lepidium campestre","Dry grasslands","Settlement",0.0673,0.31
"Marrubium peregrinum","Dry grasslands","Settlement",0.1384,0.005
"Medicago falcata","Dry grasslands","Settlement",0.273,0.001
"Melampyrum cristatum","Dry grasslands","Settlement",0.1353,0.005
"Melica ciliata aggr.","Dry grasslands","Settlement",0.1737,0.011
"Minuartia setacea","Dry grasslands","Settlement",0.2365,0.001
"Myosotis stricta","Dry grasslands","Settlement",0.1356,0.036
"Noccaea perfoliata","Dry grasslands","Settlement",0.1876,0.001
"Papaver dubium aggr.","Dry grasslands","Settlement",0.2184,0.001
"Philadelphus coronarius","Dry grasslands","Settlement",0.1414,0.004
"Poa bulbosa","Dry grasslands","Settlement",0.1605,0.016
"Poa compressa","Dry grasslands","Settlement",0.4835,0.001
"Potentilla argentea","Dry grasslands","Settlement",0.3018,0.001
"Prunus domestica","Dry grasslands","Settlement",0.0841,0.123
"Reseda lutea","Dry grasslands","Settlement",0.132,0.024
"Robinia pseudoacacia","Dry grasslands","Settlement",0.0636,0.391
"Salix caprea","Dry grasslands","Settlement",0.1252,0.014
"Salvia nemorosa","Dry grasslands","Settlement",0.185,0.01
"Scleranthus annuus","Dry grasslands","Settlement",0.0976,0.101
"Scleranthus perennis","Dry grasslands","Settlement",0.1386,0.029
"Sedum acre","Dry grasslands","Settlement",0.3453,0.001
"Sedum album","Dry grasslands","Settlement",0.3682,0.001
"Sedum rupestre","Dry grasslands","Settlement",0.1784,0.001
"Sedum spurium","Dry grasslands","Settlement",0.1378,0.008
"Seseli hippomarathrum","Dry grasslands","Settlement",0.2233,0.001
"Setaria pumila","Dry grasslands","Settlement",0.077,0.216
"Silene nutans","Dry grasslands","Settlement",0.1161,0.066
"Silene viscaria","Dry grasslands","Settlement",0.1503,0.013
"Sisymbrium loeselii","Dry grasslands","Settlement",0.3971,0.001
"Syringa vulgaris","Dry grasslands","Settlement",0.2535,0.001
"Taxus baccata","Dry grasslands","Settlement",0.1414,0.004
"Thlaspi arvense","Dry grasslands","Settlement",0.1527,0.004
"Trifolium arvense","Dry grasslands","Settlement",0.2079,0.001
"Verbascum lychnitis","Dry grasslands","Settlement",0.192,0.001
"Verbascum thapsus","Dry grasslands","Settlement",0.0954,0.066
"Veronica hederifolia aggr.","Dry grasslands","Settlement",0.1152,0.05
"Veronica polita","Dry grasslands","Settlement",0.0971,0.063
"Veronica triphyllos","Dry grasslands","Settlement",0.1404,0.017
"Veronica verna","Dry grasslands","Settlement",0.133,0.026
"Viola arvensis","Dry grasslands","Settlement",0.2289,0.003
"Achillea millefolium aggr.","Mesic grasslands","Settlement",0.3483,0.001
"Alchemilla hybrida","Mesic grasslands","Settlement",0.0862,0.134
"Amaranthus hybridus aggr.","Mesic grasslands","Settlement",0.072,0.204
"Anthriscus sylvestris","Mesic grasslands","Settlement",0.2033,0.012
"Aquilegia vulgaris","Mesic grasslands","Settlement",0.0544,0.449
"Arctium lappa","Mesic grasslands","Settlement",0.1316,0.016
"Armoracia rusticana","Mesic grasslands","Settlement",0.1162,0.022
"Atriplex patula","Mesic grasslands","Settlement",0.0778,0.149
"Bellis perennis","Mesic grasslands","Settlement",0.3541,0.001
"Bromus hordeaceus","Mesic grasslands","Settlement",0.2037,0.003
"Capsella bursa-pastoris","Mesic grasslands","Settlement",0.1469,0.01
"Carum carvi","Mesic grasslands","Settlement",0.1518,0.008
"Centaurea oxylepis","Mesic grasslands","Settlement",0.0796,0.128
"Chenopodium album aggr.","Mesic grasslands","Settlement",0.0936,0.141
"Chenopodium suecicum","Mesic grasslands","Settlement",0.0949,0.056
"Cichorium intybus","Mesic grasslands","Settlement",0.2159,0.001
"Convolvulus arvensis","Mesic grasslands","Settlement",0.3703,0.001
"Crepis biennis","Mesic grasslands","Settlement",0.3868,0.001
"Crepis capillaris","Mesic grasslands","Settlement",0.0917,0.086
"Erigeron canadensis","Mesic grasslands","Settlement",0.1227,0.051
"Euphorbia helioscopia","Mesic grasslands","Settlement",0.0741,0.193
"Euphorbia peplus","Mesic grasslands","Settlement",0.1342,0.006
"Euphrasia nemorosa","Mesic grasslands","Settlement",0.0608,0.347
"Galium album","Mesic grasslands","Settlement",0.1014,0.23
"Galium pumilum","Mesic grasslands","Settlement",0.2156,0.001
"Geranium dissectum","Mesic grasslands","Settlement",0.065,0.248
"Geranium pratense","Mesic grasslands","Settlement",0.2867,0.001
"Geranium pusillum","Mesic grasslands","Settlement",0.1646,0.003
"Geum urbanum","Mesic grasslands","Settlement",0.1226,0.052
"Glechoma hederacea","Mesic grasslands","Settlement",0.296,0.001
"Helianthus tuberosus","Mesic grasslands","Settlement",0.1279,0.015
"Lamium album","Mesic grasslands","Settlement",0.1737,0.002
"Lapsana communis","Mesic grasslands","Settlement",0.1033,0.041
"Lupinus polyphyllus","Mesic grasslands","Settlement",0.0586,0.448
"Malva neglecta","Mesic grasslands","Settlement",0.0716,0.228
"Myosotis sylvatica","Mesic grasslands","Settlement",0.0972,0.057
"Orchis mascula","Mesic grasslands","Settlement",0.0833,0.119
"Oxalis stricta","Mesic grasslands","Settlement",0.0882,0.075
"Pastinaca sativa","Mesic grasslands","Settlement",0.4859,0.001
"Potentilla reptans","Mesic grasslands","Settlement",0.1605,0.023
"Prunella vulgaris","Mesic grasslands","Settlement",0.221,0.01
"Scorzoneroides autumnalis","Mesic grasslands","Settlement",0.321,0.001
"Setaria verticillata","Mesic grasslands","Settlement",0.1342,0.01
"Silene latifolia","Mesic grasslands","Settlement",0.1172,0.029
"Stellaria holostea","Mesic grasslands","Settlement",0.1182,0.021
"Stellaria media","Mesic grasslands","Settlement",0.1059,0.059
"Stellaria pallida","Mesic grasslands","Settlement",0.0944,0.078
"Taraxacum sect. Taraxacum","Mesic grasslands","Settlement",0.5208,0.001
"Trifolium repens","Mesic grasslands","Settlement",0.4039,0.001
"Verbascum phlomoides","Mesic grasslands","Settlement",0.075,0.186
"Verbena officinalis","Mesic grasslands","Settlement",0.1234,0.014
"Veronica persica","Mesic grasslands","Settlement",0.0854,0.11
"Viola odorata","Mesic grasslands","Settlement",0.2706,0.001
"Aegopodium podagraria","Wet grasslands","Settlement",0.1566,0.032
"Aethusa cynapium","Wet grasslands","Settlement",0.1107,0.038
"Alisma plantago-aquatica","Wet grasslands","Settlement",0.0736,0.212
"Alliaria petiolata","Wet grasslands","Settlement",0.0717,0.221
"Anthemis arvensis","Wet grasslands","Settlement",0.1028,0.052
"Anthemis cotula","Wet grasslands","Settlement",0.2278,0.001
"Apera spica-venti","Wet grasslands","Settlement",0.0762,0.146
"Argentina anserina","Wet grasslands","Settlement",0.4385,0.001
"Artemisia vulgaris","Wet grasslands","Settlement",0.2004,0.006
"Avena fatua","Wet grasslands","Settlement",0.0913,0.075
"Ballota nigra","Wet grasslands","Settlement",0.1528,0.008
"Blitum bonus-henricus","Wet grasslands","Settlement",0.1643,0.002
"Blysmus compressus","Wet grasslands","Settlement",0.0698,0.159
"Campanula trachelium","Wet grasslands","Settlement",0.1232,0.023
"Carduus acanthoides","Wet grasslands","Settlement",0.1076,0.113
"Carduus crispus","Wet grasslands","Settlement",0.1529,0.011
"Carex appropinquata","Wet grasslands","Settlement",0.1492,0.005
"Carex cespitosa","Wet grasslands","Settlement",0.1418,0.006
"Chaerophyllum temulum","Wet grasslands","Settlement",0.1331,0.012
"Digitaria sanguinalis","Wet grasslands","Settlement",0.0543,0.462
"Dysphania ambrosioides","Wet grasslands","Settlement",0.0985,0.045
"Epilobium ciliatum","Wet grasslands","Settlement",0.1141,0.046
"Epilobium hirsutum","Wet grasslands","Settlement",0.2225,0.001
"Epilobium obscurum","Wet grasslands","Settlement",0.1794,0.002
"Epipactis helleborine","Wet grasslands","Settlement",0.0649,0.34
"Galega officinalis","Wet grasslands","Settlement",0.0959,0.055
"Galinsoga parviflora","Wet grasslands","Settlement",0.0726,0.202
"Galinsoga quadriradiata","Wet grasslands","Settlement",0.0841,0.101
"Glyceria notata","Wet grasslands","Settlement",0.0949,0.06
"Hordeum murinum","Wet grasslands","Settlement",0.0897,0.086
"Iris sibirica","Wet grasslands","Settlement",0.1197,0.051
"Jacobaea aquatica","Wet grasslands","Settlement",0.1129,0.086
"Lamium maculatum","Wet grasslands","Settlement",0.1701,0.003
"Lepidium ruderale","Wet grasslands","Settlement",0.0977,0.076
"Lolium perenne","Wet grasslands","Settlement",0.4028,0.001
"Lycium barbarum","Wet grasslands","Settlement",0.0929,0.054
"Matricaria discoidea","Wet grasslands","Settlement",0.3227,0.001
"Mentha longifolia","Wet grasslands","Settlement",0.2839,0.001
"Moehringia trinervia","Wet grasslands","Settlement",0.0583,0.287
"Montia fontana","Wet grasslands","Settlement",0.0835,0.118
"Ochlopoa annua","Wet grasslands","Settlement",0.3654,0.001
"Oenanthe fistulosa","Wet grasslands","Settlement",0.0981,0.04
"Persicaria hydropiper","Wet grasslands","Settlement",0.1161,0.041
"Persicaria lapathifolia","Wet grasslands","Settlement",0.1012,0.078
"Plantago major","Wet grasslands","Settlement",0.4412,0.001
"Polygonum aviculare aggr.","Wet grasslands","Settlement",0.3598,0.001
"Primula elatior","Wet grasslands","Settlement",0.1149,0.041
"Puccinellia distans","Wet grasslands","Settlement",0.1523,0.008
"Ranunculus sceleratus","Wet grasslands","Settlement",0.0635,0.322
"Ribes uva-crispa","Wet grasslands","Settlement",0.0985,0.043
"Rorippa amphibia","Wet grasslands","Settlement",0.0765,0.17
"Rudbeckia laciniata","Wet grasslands","Settlement",0.0985,0.06
"Rumex conglomeratus","Wet grasslands","Settlement",0.2439,0.001
"Rumex obtusifolius","Wet grasslands","Settlement",0.1613,0.014
"Sagina procumbens","Wet grasslands","Settlement",0.0706,0.233
"Sambucus ebulus","Wet grasslands","Settlement",0.0985,0.046
"Senecio vulgaris","Wet grasslands","Settlement",0.0976,0.069
"Sinapis arvensis","Wet grasslands","Settlement",0.0673,0.276
"Sisymbrium officinale","Wet grasslands","Settlement",0.2224,0.001
"Sonchus oleraceus","Wet grasslands","Settlement",0.1549,0.004
"Sparganium erectum aggr.","Wet grasslands","Settlement",0.0856,0.087
"Triglochin palustris","Wet grasslands","Settlement",0.1069,0.045
"Tripleurospermum maritimum aggr.","Wet grasslands","Settlement",0.1403,0.021
"Urtica dioica","Wet grasslands","Settlement",0.2794,0.001
"Viola palustris","Wet grasslands","Settlement",0.1724,0.006
"Xanthium strumarium","Wet grasslands","Settlement",0.0771,0.168
"Achillea ptarmica","Wet grasslands","Water body",0.1332,0.008
"Agrostis canina","Wet grasslands","Water body",0.2728,0.001
"Agrostis stolonifera","Wet grasslands","Water body",0.3392,0.001
"Alopecurus aequalis","Wet grasslands","Water body",0.1414,0.008
"Althaea officinalis","Wet grasslands","Water body",0.1223,0.024
"Atriplex prostrata","Wet grasslands","Water body",0.1539,0.003
"Barbarea stricta","Wet grasslands","Water body",0.0607,0.369
"Bidens tripartita","Wet grasslands","Water body",0.1488,0.01
"Bolboschoenus maritimus aggr.","Wet grasslands","Water body",0.1635,0.004
"Calamagrostis canescens","Wet grasslands","Water body",0.175,0.003
"Calamagrostis epigejos","Wet grasslands","Water body",0.1805,0.03
"Callitriche palustris","Wet grasslands","Water body",0.0917,0.081
"Carex bohemica","Wet grasslands","Water body",0.084,0.096
"Carex canescens","Wet grasslands","Water body",0.1377,0.013
"Carex cuprina","Wet grasslands","Water body",0.2299,0.001
"Carex diandra","Wet grasslands","Water body",0.078,0.168
"Carex distans","Wet grasslands","Water body",0.2627,0.001
"Carex hartmaniorum","Wet grasslands","Water body",0.2058,0.001
"Carex leporina","Wet grasslands","Water body",0.1218,0.057
"Carex panicea","Wet grasslands","Water body",0.3502,0.001
"Carex pilulifera","Wet grasslands","Water body",0.0673,0.498
"Carex pulicaris","Wet grasslands","Water body",0.1001,0.075
"Carex riparia","Wet grasslands","Water body",0.0976,0.1
"Carex secalina","Wet grasslands","Water body",0.0515,0.471
"Carex vesicaria","Wet grasslands","Water body",0.2668,0.002
"Carex viridula","Wet grasslands","Water body",0.0974,0.043
"Centaurium pulchellum","Wet grasslands","Water body",0.1713,0.002
"Cerastium dubium","Wet grasslands","Water body",0.0945,0.06
"Comarum palustre","Wet grasslands","Water body",0.231,0.001
"Deschampsia cespitosa aggr.","Wet grasslands","Water body",0.2979,0.001
"Dipsacus fullonum","Wet grasslands","Water body",0.0664,0.244
"Epilobium roseum","Wet grasslands","Water body",0.0943,0.079
"Epilobium tetragonum","Wet grasslands","Water body",0.1093,0.019
"Galeopsis pubescens","Wet grasslands","Water body",0.1002,0.054
"Galium uliginosum","Wet grasslands","Water body",0.2739,0.001
"Glyceria fluitans aggr.","Wet grasslands","Water body",0.1341,0.022
"Glyceria maxima","Wet grasslands","Water body",0.2348,0.001
"Gypsophila muralis","Wet grasslands","Water body",0.0677,0.211
"Hydrocotyle vulgaris","Wet grasslands","Water body",0.2187,0.001
"Inula britannica","Wet grasslands","Water body",0.2506,0.001
"Jacobaea erratica","Wet grasslands","Water body",0.2163,0.002
"Juncus articulatus","Wet grasslands","Water body",0.2723,0.001
"Juncus compressus","Wet grasslands","Water body",0.2784,0.001
"Juncus effusus","Wet grasslands","Water body",0.2884,0.001
"Juncus gerardi","Wet grasslands","Water body",0.113,0.031
"Lotus maritimus","Wet grasslands","Water body",0.0628,0.562
"Lotus pedunculatus","Wet grasslands","Water body",0.2173,0.001
"Lotus tenuis","Wet grasslands","Water body",0.282,0.001
"Lycopus europaeus","Wet grasslands","Water body",0.2232,0.001
"Lysimachia thyrsiflora","Wet grasslands","Water body",0.0896,0.09
"Lysimachia vulgaris","Wet grasslands","Water body",0.3884,0.001
"Lythrum salicaria","Wet grasslands","Water body",0.3579,0.001
"Melilotus dentatus","Wet grasslands","Water body",0.1168,0.024
"Mentha aquatica","Wet grasslands","Water body",0.2196,0.001
"Molinia caerulea aggr.","Wet grasslands","Water body",0.324,0.001
"Myosurus minimus","Wet grasslands","Water body",0.0923,0.063
"Nardus stricta","Wet grasslands","Water body",0.1001,0.436
"Oenanthe aquatica","Wet grasslands","Water body",0.1369,0.012
"Oxybasis rubra","Wet grasslands","Water body",0.16,0.003
"Persicaria amphibia","Wet grasslands","Water body",0.1951,0.002
"Persicaria maculosa","Wet grasslands","Water body",0.0674,0.268
"Persicaria minor","Wet grasslands","Water body",0.0552,0.415
"Peucedanum palustre","Wet grasslands","Water body",0.1768,0.001
"Phalaroides arundinacea","Wet grasslands","Water body",0.2953,0.001
"Phragmites australis","Wet grasslands","Water body",0.1889,0.004
"Platanthera bifolia","Wet grasslands","Water body",0.0453,0.716
"Populus alba","Wet grasslands","Water body",0.122,0.032
"Populus nigra","Wet grasslands","Water body",0.1298,0.02
"Potentilla erecta","Wet grasslands","Water body",0.2583,0.001
"Potentilla supina","Wet grasslands","Water body",0.1606,0.001
"Pulicaria dysenterica","Wet grasslands","Water body",0.0984,0.079
"Pulicaria vulgaris","Wet grasslands","Water body",0.1463,0.006
"Ranunculus aquatilis","Wet grasslands","Water body",0.0985,0.037
"Ranunculus flammula","Wet grasslands","Water body",0.238,0.001
"Rumex crispus","Wet grasslands","Water body",0.1451,0.011
"Rumex maritimus","Wet grasslands","Water body",0.1774,0.001
"Salix cinerea subsp. cinerea","Wet grasslands","Water body",0.1699,0.004
"Salix euxina","Wet grasslands","Water body",0.05,0.62
"Salix purpurea","Wet grasslands","Water body",0.0868,0.106
"Salix triandra","Wet grasslands","Water body",0.0853,0.127
"Sanguisorba officinalis","Wet grasslands","Water body",0.2534,0.001
"Schoenoplectus lacustris","Wet grasslands","Water body",0.1373,0.006
"Scirpus radicans","Wet grasslands","Water body",0.099,0.034
"Scutellaria galericulata","Wet grasslands","Water body",0.173,0.003
"Selinum carvifolia","Wet grasslands","Water body",0.1506,0.015
"Serratula tinctoria","Wet grasslands","Water body",0.1631,0.028
"Solanum nigrum","Wet grasslands","Water body",0.0702,0.224
"Spergularia marina","Wet grasslands","Water body",0.2142,0.001
"Spiraea salicifolia","Wet grasslands","Water body",0.1403,0.004
"Stachys sylvatica","Wet grasslands","Water body",0.0734,0.238
"Stellaria palustris","Wet grasslands","Water body",0.1409,0.007
"Taraxacum besarabicum","Wet grasslands","Water body",0.2544,0.001
"Taraxacum sect. Palustria","Wet grasslands","Water body",0.0639,0.312
"Trifolium fragiferum","Wet grasslands","Water body",0.2755,0.001
"Trifolium spadiceum","Wet grasslands","Water body",0.0707,0.221
"Tripolium pannonicum","Wet grasslands","Water body",0.2131,0.001
"Typha latifolia","Wet grasslands","Water body",0.0712,0.238
"Verbascum blattaria","Wet grasslands","Water body",0.0735,0.199
"Veronica anagallis-aquatica","Wet grasslands","Water body",0.114,0.046
"Veronica catenata","Wet grasslands","Water body",0.0638,0.26
"Veronica peregrina","Wet grasslands","Water body",0.0941,0.055
"Veronica scutellata","Wet grasslands","Water body",0.1238,0.033
"Viola riviniana","Wet grasslands","Water body",0.0816,0.088
